id,brand_name,location_city,star_rating,review_text
"241d697f-3730-4095-8634-70678a3c8e56","Removery (Round Rock)","Round Rock","5","Really great experience with my tattoo removal. The staff is super friendly and makes me feel comfortable the whole time. Everything is clean, quick, and well explained. Definitely recommend!"
"94bb6796-6d29-4bb1-b152-d2b2cf7d0617","Removery (Round Rock)","Round Rock","5","The people there are very friendly and remember conversations that I have with them."
"641228c2-34a4-43ac-bd4a-e936acc47c68","Removery (Round Rock)","Round Rock","5","Every time I come in for my scheduled appointment, I don't have a long wait to be seen. My tech is the best. She is very friendly and makes the experience easy to forget about the pain."
"691e373b-542d-43fe-a192-4ebb6da54e04","Removery (Round Rock)","Round Rock","5","Audri and Tina are awesome. The second i walked in the door, they were welcoming, took time to educate me, share her personal experiences with me and made me feel very comfortable about being a Removery client. Would highly recommend"
"7ac19596-edff-43cc-8027-e0b689dfe108","Removery (Round Rock)","Round Rock","5","Tina has been awesome every visit: very friendly, professional, and gets me through the treatment quickly. The location is very clean and welcoming. I highly recommend for your tattoo removal needs!"
"8678aa73-ec36-4d8c-887e-3dddf59ecdc8","Removery (Round Rock)","Round Rock","5","New update: progress is going extremely well. I cant recommend this place enough. The staff is so warm and welcoming and im truly glad im doing this for myself instead of waiting longer.

Update!! I've done 3 sessions so far and the results are definitely showing. I have a large chest piece tattoo and a tattoo on my arm and im so glad I decided to get them removed.

Audrey was so sweet and helpful. I'm glad I was able to find this place. I can't wait to get my sessions done."
"4bab8451-3783-48b7-8aff-49d6a199b747","Removery (Round Rock)","Round Rock","5","Absolutely love this location! They are knowledgeable, kind and will be honest about every step you need to take. I highly recommend Removery - Round Rock!"
"fec42e1a-7f04-4bc1-a09f-3d2a60812856","Removery (Round Rock)","Round Rock","5","Give this awesome 👍😎👍 place a chance. They do things the right way with the removal of tattoos. I am in my 3rd session and each session is done with presice care and updated equipment."
"7e5f8e6c-aff0-4d02-b8ae-19595b5e9f37","Removery (Round Rock)","Round Rock","5","Amazing experience 10/10"
"393353ba-dee3-4030-a13f-b273474d6729","Removery (Round Rock)","Round Rock","5","I didn’t know what to expect from removing. The staff was friendly,, and willing to answer all of my questions. They did a great job and my eyebrow tattoos are completely gone afte The first session. I’d like to give a shout out to Tina, Amelia, and Audrey, the brow Wizard, for a job super well done."
"6cc0cb31-c659-4176-a334-f872e6fc02f5","Removery (Round Rock)","Round Rock","5","I called today to see if we could make my appointment sooner, today, if possible and without hesitation I was rescheduled for a couple of hours after the phone call for today. Polite, courteous , and professional per usual, always know my name when I walk in and got me in and out. 10/10 would recommend the Round Rock, TX location specifically due to the staff themselves."
"bbe23cb5-e281-44d5-abb5-a3df6210ebb8","Removery (Round Rock)","Round Rock","5","I always look forward to seeing Audri and Tina. My tattoos are almost gone  and I have Tina to thank. I’ve seen the most results with her vs other locations. They are highly skilled at this work."
"ab5e5075-084e-4315-8651-e031afda0851","Removery (Round Rock)","Round Rock","5","Single-handedly the best customer service I’ve ever received"
"84b50a8a-2f6a-4373-8e22-a5f3f1cabe42","Removery (Round Rock)","Round Rock","5","The staff is very professional and makes me feel comfortable.  My  husband was so surprised at the progress made..  it almost wants me to get another tattoo because they are sooo good."
"c1a2b424-1565-4798-8292-96ea95e82e4c","Removery (Round Rock)","Round Rock","5","Super friendly staff. Very welcoming. Amelia was both personal and professional."
"4f2df978-4ed4-44a5-b3d0-7cb0979c95e0","Removery (Round Rock)","Round Rock","5","My first session was a breeze! Audri was awesome and I enjoyed our chat while getting zapped. Look forward to my next session!"
"4e651f75-5fc9-472e-aab5-92cc6f8d5541","Removery (Round Rock)","Round Rock","5","Everyone is Friendly and very professional.  Very clean!!!"
"95a4ccf3-f1c8-4aee-bb24-2bb755d88926","Removery (Round Rock)","Round Rock","5","Always a great experience at Removery Round Rock. Amilia, Tina and Audri are always such a pleasure and so welcoming!"
"140753ad-f30c-4e00-977a-149c56963cfa","Removery (Round Rock)","Round Rock","5","Great experience! The Round Rock location staff was attentive, kind, and provided excellent customer service. I’d definitely recommend! Thanks you ladies for the service you all provide."
"db21d70c-3fdf-4644-afc5-8d4f8cc549ec","Removery (Round Rock)","Round Rock","5","I had a great first experience they were able to do same day when I only had a conference scheduled it was so fast! All the staff were so kind"
"00dc6651-df9e-4e0c-b25d-2114aea02e2c","Removery (Round Rock)","Round Rock","5","We love Removery staff!! We highly recommend and always have the best experience!"
"1e29179f-0ab1-4e78-9f40-40f9f0839809","Removery (Round Rock)","Round Rock","5","Very friendly staff and a very clean facility."
"9f3e707f-7da8-4bec-b151-dc73dbb844c6","Removery (Round Rock)","Round Rock","5","I have been going here for a while now removing one of my tattoos. The girls are all so nice and lovely, always send me reminders for everything, and are great about scheduling."
"5bdba3c8-5f12-4691-9279-aaa065398ef9","Removery (Round Rock)","Round Rock","5","Excelente atención recomendado 100%"
"a56a8a7f-197c-4a4c-bc7d-0028ccec9f6b","Removery (Round Rock)","Round Rock","5","I am so happy with the  progress with my tattoo removal.  Everyone is super friendly and professional.  I get my appointments scheduled promptly.  All the work is documented.  Place is clean.  I appreciate all the details the staff put in to make it a great experience every time."
"91b7db12-d84f-4cd1-8bf4-b7898e1502a7","Removery (Round Rock)","Round Rock","5","Amazing experience! The staff were really friendly, able to take me in on the same day of my consultation, and they lasered everything off in one sitting. It was painless!"
"506ca169-af4d-4398-80d1-1a79cbe77634","Removery (Round Rock)","Round Rock","5","I have had 3 sessions so far and everytime I’ve had a great experience. They really do a good job at explaining to you how the procedure will go and making sure you’re comfortable during the laser treatment. So excited to see my tattoos disappear, even just 3 sessions in my small fine line red one seems to be almost gone !"
"87bcacee-6759-4b86-ba27-d25a15e80a66","Removery (Round Rock)","Round Rock","5","Really good service, friendly and quick!"
"f55f31e2-c9a5-4362-acc4-693d395a4e8b","Removery (Round Rock)","Round Rock","5","I had a great experience going in for my first treatment at Removery in Round Rock! Audri is so kind, knowledgeable, and efficient. Amilia and Tina are wonderful as well 😊. The clinic is also very clean and relaxing. Can’t wait for my next appointment. Thank you ladies!"
"0bca3878-0fcb-4ac4-bd9b-71997aa61e55","Removery (Round Rock)","Round Rock","5","The team has been so welcoming and made this process an easy decision. The guidance and care the team has offered has made me extremely comfortable. I had my first session on Saturday, it was easy, mostly painless, and quick. I’m excited to see the progress over the next several months."
"26c4849f-1f56-43b4-88ed-8e73b224d834","Removery (Round Rock)","Round Rock","5","Highly recommend, friendly staff, makes you feel very comfortable. Just go and get it done, finally."
"91dab35d-91fb-4931-82ce-0ddf8aa7c4f9","Removery (Round Rock)","Round Rock","5","Amilia was very helpful and answered every question I had"
"dab1804f-8a44-4b21-9375-d8cbcb45194f","Removery (Round Rock)","Round Rock","5","I love removery in round Rock Tx!!! They are always so sweet!! I have really noticed a difference in my tattoo removal process.  And will always recommend them to anyone!!"
"ac09645d-9fbb-4f71-9715-93f8e9e194a2","Removery (Round Rock)","Round Rock","5","It was quick & easy. I am honestly satisfied with the first session results. Super excited!!!"
"09dceeba-a4ad-4db7-9410-2f60a318bf0a","Removery (Round Rock)","Round Rock","5","Always a good experience and I’ve been going for a long time.  Great customer service!"
"fa9ffbb9-6b4f-4616-b356-2a3e3c71bad5","Removery (Round Rock)","Round Rock","5","The staff are so friendly and professional. They take good care of me. They always ask about how my results are after the treatment. The staff always remind me of the treatment I should give to the area that was treated. Today the treatment seemed to go by very fast. My removal is almost complete and they were very dark and full of different colors."
"d6177ebd-89dc-45d4-a33e-1b8d46233435","Removery (Round Rock)","Round Rock","5","First of all, the nicest employees. Price wise, still cheaper than my student loans as thats the only price comparison that I can make. I'd like to say I learned my lesson with last minute cheap tattoos 👍"
"30f222e2-9844-48c7-a394-55b7a57fa045","Removery (Round Rock)","Round Rock","5","Extremely nervous about the tattoo removal process… Removery was amazing and explained the entire process from the beginning to the after care. Extremely quick and honestly was almost painless. Process felt like a hot rubber band snapping against the skin. Afterwards the pain was minimal and would compare to a sunburn."
"7ae0867f-f6b0-4544-9ece-6f5297e5f5db","Removery (Round Rock)","Round Rock","5","Tina is awesome!! She truly cares about her clients and makes them feel completely comfortable with the process."
"ad74bb51-6994-42be-b5de-bcd05690f345","Removery (Round Rock)","Round Rock","5","These ladies are amazing! Super kind, efficient and work well together and on my background for scheduling. It’s been a great experience. I’m almost there!"
"16ca9fbc-b771-400d-9cc2-332a6bea9ceb","Removery (Round Rock)","Round Rock","5","They are amazing! Removal of any and all tattoos is truly possible."
"2eef1bb9-b402-448e-b9b0-56bb41b3d6eb","Removery (Round Rock)","Round Rock","5","I’ve been coming to Removery Round Rock for several years for tattoo removal and have had such a great experience. Amilia, Tina, and Audri are always incredibly professional, knowledgeable, and kind. They make what could be an uncomfortable process feel easy and supportive, and they always take the time to explain everything and make sure I’m comfortable. The studio is clean, efficient, and very welcoming. I truly appreciate the care they put into their work and would absolutely recommend them to anyone considering tattoo removal."
"cb24e1a2-6f13-4bff-8f22-949afd0610ee","Removery (Katy)","Katy","5","Zara and Jerry are very professional and nice. I got my first session the same day as my consultation.
Tyler did my last session.  She was awsome!   She asked me if I needed any breaks while my laser session was going on and I told her no, But she gave me a little break anyway and I was really glad about that. She is very friendly and professional.  My tattoo that I am removing has lightened up alot.
I would definitely recommend Tyler to anyone for tattoo removal.
I had another tattoo removal session today. I'm so grateful for Tyler numbing my lower back with ice packs before  starting the session. Its over quickly! I can tell Tyler is very experienced and well trained. She always checks with me throughout the process to make sure im doing ok and she's OK with stopping if I need a break. When the service is over she goes over after-care instructions. My tattoo has lightened up alot! I'm so happy about that! This service is safe, quick and it works.
_________________________________________
UPDATE:
TREATMENTS ARE GOING VERY WELL. MY TATTOO IS ALMOST, COMPLETELY GONE! YAY! KIRSTEN, AMANDA AND DANIELLE ARE FRIENDLY, AMAZING AND VERY KNOWLEDGEABLE. They take the time to answer questions and even check with me to make sure I'm healing well and remind me of aftercare dos and don't. They are very professional and caring. Kirsten did my last procedure. She did a great job!"
"cca87cb9-9e53-4a32-a9fb-1ff36d4f48b4","Removery (Katy)","Katy","5","great location! I've been to a few others and this is the best. really great customer service and experienced technicians."
"9ecc893e-d6bb-4ed5-8b3a-44f539709f34","Removery (Katy)","Katy","5","Great customer service so far. Process is going well.
Always on point."
"5a6988a3-b740-4ac7-a1df-cf25286cbbb3","Removery (Katy)","Katy","5","Highly recommend this location , all staff are very friendly and caring.  They always check on my to make sure everything is okay and if I have any questions or concerns.   Treatments are always quick !"
"69c889f4-c27d-425e-b485-2ebb3e3907c8","Removery (Katy)","Katy","5","So happy to be seeing amazing results already! The staff at the Katy Removery location are very knowledgeable, professional, and kind. They help to make this painful process as pleasant as possible."
"b3f71cb8-4691-4584-9d6e-c2d11a280cb4","Removery (Katy)","Katy","5","Best team  . Kirsten is the goat !!"
"b1ea384d-52d5-472c-a2d9-6228f9afe165","Removery (Katy)","Katy","5","In and out. Very talented work staff! Respectful and professional. Process is super easy! Second session done and already seeing great results! -Jon"
"8fc277d0-4180-4bb5-b7ea-1fb36f99f6ae","Removery (Katy)","Katy","5","Thank you Removery, so far the process has been smooth. Thank you to the staff as well! Highly recommend for anyone looking into tattoo removal"
"12390a7d-937f-46f5-8f4d-08f781d838ec","Removery (Katy)","Katy","5","Danielle, Kirsten, and Amanda were all amazing. They were very friendly and even checked in on me after my appointment, which was so thoughtful.

They showed me photos of people with my same skin tone who had tattoos in a similar area and their results. That made me feel really confident moving forward. I also got a 15 percent off deal for full tattoo removal with unlimited sessions, so I had to take it.

I plan to keep going until my tattoo is completely gone. I will post before and after photos next year around this time, or share progress updates along the way. I went in for a consultation on 4/11 and they were able to start my treatment the same day. Best decision I have made.

Kirsten is doing my treatments. She is very kind and made sure I felt comfortable the whole time. She held an ice pack on my tattoo to help numb the area before starting and took her time, which helped me relax. During the laser removal process, she blew cold air through a tube onto the area, which really helped reduce the pain.

I am so glad I chose Removery after wanting this tattoo gone for so many years!! ♥️"
"4a327530-7224-494f-925d-ba977a2233ea","Removery (Katy)","Katy","5","Excellent staff. Knowledgeable, friendly and professional. Thank you Removery Tattoo Removal of Houston, TX!!"
"a2a26cec-8f1a-4a05-9d93-eea668f7f30f","Removery (Katy)","Katy","5","The staff was very friendly and informative"
"746fad72-f952-429a-bb29-8c057dfa0912","Removery (Katy)","Katy","5","The girls at Removery were so kind and informative. I felt confident and comfortable throughout the quote process and went straight into my first treatment. Can’t wait for the next one!"
"81b16d98-7ad6-4ae2-bc85-e457835d9e9f","Removery (Katy)","Katy","5","The assistance that was provided was exceptional!  Danielle and Kristen was awesome! They were both very welcoming and informative about the process.  They made sure the atmosphere had a positive vibe"
"78d72ae6-c8d7-494e-8bb1-a030c984b745","Removery (Katy)","Katy","5","Danielle and Kristen are the best!"
"affcd46d-21fc-4390-85c8-5d49dc61287e","Removery (Katy)","Katy","4","Update: Do not be more than 5 minutes late. They will not see you and then take a lunch break.

Danielle and Kristen were great! I’ve been putting off having my tattoos removed and I’m so happy that I moved forward with it! They made me feel comfortable during the whole process and I’m so relieved to be doing it through Removery. If you’re hesitant about removing your tattoos, don’t be! It really doesn’t hurt and it’s well worth it!"
"21a51f90-df5a-476d-9f09-d3b061a528cf","Removery (Katy)","Katy","5","I just had my 8th laser session and im loving the results from my tattoo removal procedure. My tattoo is fading slowly and there is no scaring or damage to my skin. The staff at Removery Katy is very professional making every moment comfortable as they possibly can."
"8c0edd78-1dca-4431-a75d-6680b4aba33b","Removery (Katy)","Katy","5","I have nothing but great things to say about Removery, especially the Katy location. Great service and luckily for me, I’m in and out in less than 20 seconds."
"4e1fa8d6-95b9-4d35-a06a-50bac4960ee9","Removery (Katy)","Katy","5","Very nice people Specially Danielle, she very sweet through the process with you, talks you through it 10/10 recommend. This was my first session ever getting anything like this and she made less nervous for me! 🫶🏽"
"15c31e91-b442-4214-9117-c602ac9e2383","Removery (Katy)","Katy","5","Everyone was so nice and helpful with the process. This is my first time getting a tattoo removed and they helped me through every step of the way. Like in what financing option is best for me and what to expect with each tattoo session. I’m excited to get my tattoo removed haha, they even reach out to make sure everything is good with aftercare"
"44445c80-9c8c-4053-b014-5e59951ed76b","Removery (Katy)","Katy","5","Great  people and very professional"
"64cc6913-b861-4375-86c1-16a3652b5966","Removery (Katy)","Katy","5","Great experience! Very fast procedure and they made sure you understood everything!"
"8570ddaf-d612-4b9c-898e-43a010b70105","Removery (Katy)","Katy","5","The girls at Katy removery are always very kind & accommodating!  My tattoos are fading nicely & one is almost completely gone!"
"cf3e5240-3165-4f06-a657-8e1476ce4916","Removery (Katy)","Katy","5","Danielle, Kirsten and Amanda at the katy office are always so helpful! In and out in 5 minutes every visit😄 fast and efficient"
"93baf32b-9380-4590-92cb-a22f5eb84abd","Removery (Katy)","Katy","5","Danielle and her team are amazing. Always helping me with my questions or concerns. I appreciate you all!"
"566bca5c-666f-4009-a419-770fb4e144c8","Removery (Katy)","Katy","5","Danielle is always getting me in and out super fast and is always easy going about the whole process. Great expulsion everytime I have a session here. Thanks again!"
"78ae0728-d000-400d-9807-8f17040cc566","Removery (Katy)","Katy","5","I had an amazing experience at Removery! From the moment I walked in, the staff made me feel comfortable and well-informed about the entire tattoo removal process. They took the time to explain what to expect, answered all my questions, and never made me feel rushed or pressured.

The treatments themselves were quick and much more manageable than I expected. The team is incredibly professional, knowledgeable, and genuinely cares about your results and comfort. The facility is also very clean and welcoming, which made a huge difference for me.

I’ve already started seeing great results and couldn’t be happier with my decision to come here. If you’re considering tattoo removal, I highly recommend Removery—you’ll be in great hands!"
"e23bb433-f43d-4cde-9436-f5ba624945d9","Removery (Katy)","Katy","5","I’m just beginning my tattoo removal process with Removery in Katy and I am so happy to say the least. The team here is amazing, sweet, and caring throughout the whole procedure."
"1bb75b75-9a92-4707-8b4a-1e565b7a7c9e","Removery (Katy)","Katy","5","Amazing experience. First time getting a tattoo removal they made it so knowledgeable and easy. Thank you guys."
"a64f8686-81c0-4537-9c86-43ce51969b22","Removery (Katy)","Katy","5","I am having a great experience with Removery. The staff is very professional and knowledgeable. they make the process really easy. I am only on my third session but I am excited to see the progress."
"2884e36f-1c78-4d3b-9b86-1404f066daef","Removery (Katy)","Katy","5","Just had my first session at Recovery Tattoo and it was a great experience. Super clean shop, professional staff, and the artist really pays attention to detail. They made sure I was comfortable the whole time and explained everything clearly. If the first session is any indication, this is going to turn out amazing. Highly recommend!!"
"c23decc3-1f3a-4790-9e0f-c62babf80982","Removery (Katy)","Katy","5","Absolute best place for tattoo removal!"
"d8362532-344f-4736-b071-f58d6e2aa0d6","Removery (Katy)","Katy","5","Removery is the best.  Very professional and knowledgeable.  Always flexible and willing to work with you!"
"93de7a30-bb69-4037-addc-20437df369e6","Removery (Katy)","Katy","5","I have been in the process of removing my tattoo for almost 2 years now, it is slowly but surely getting there! Every time I go in, they are attentive, fast and friendly with getting me booked for my next appointment, doing the process and informing me of what to look forward to at my next appointment. I would recommend removery to anyone looking to get something removed!"
"6c897bee-7de8-4042-a971-84d86f0026c8","Removery (Katy)","Katy","5","Amazing experience with Danielle, Kristen, and Amanda! They’re professional, kind, and have made my whole process comfortable and easy. Highly recommend!"
"c67889c0-61ac-43ee-b572-7abe8e6aedd5","Removery (Katy)","Katy","5","Welcoming experience for my first time visit. They made this process smooth for me. I was a little nervous at first until the staff uplifted me with courtesy words. Thank you!"
"cf2e2d99-5fb1-4ea7-b92a-dc3053dda731","Removery (Katy)","Katy","5","Great, professional and friendly staff!  Super clean building and quick process from start to finish- would definitely recommend!"
"6296506b-6ab2-4842-b452-acc3b0d76713","Removery (Katy)","Katy","5","Danielle and Kirsten at the Katy office has excellent customer service very knowledgeable and professional they made my first time visit so easy and comfortable"
"bdaf9251-9014-474b-bb95-835d63c07fcf","Removery (Katy)","Katy","5","All the ladies from Removery are so welcoming and are always making sure I’m doing well with my after care on my Removery laser appointments. They are always on top of it and lovely to have conversations with. Love that I picked this Removery out of the others!!!"
"d4171ce4-019b-4d65-baf1-3f1595a85a28","Removery (Katy)","Katy","5","Another good experience this visit."
"42c4ccbb-3e95-459e-b0a3-a831162d7bac","Removery (Katy)","Katy","5","I really like it here. The scheduling is right on time. Quick and easy. Super friendly service. I'm about halfway through and my tattoo is fading nicely."
"736ea57b-596c-4231-a9ec-80fc030b8ce3","Removery (Katy)","Katy","5","I had a great experience at this location, the staff is very friendly and professional! The results have been great. I highly recommend this location for anyone considering tattoo removal."
"ec599ab8-9700-4ebe-bc62-1da3d811bd06","Removery (Katy)","Katy","5","Had my consultation last Saturday. Danielle was very informative and friendly and I decided to start my tattoo removal journey the same day! The team is great and I look forward to seeing them every 6 weeks until my tatt is gone.

Session 5 is in the books! Everything has been fantastic with my sessions.

Session 7 on the books! Everything is still going well. Recovery after each session hasn't been too bad and the staff continues to be great!"
"626afa08-6444-41e8-9218-ed76263605e6","Removery (Katy)","Katy","5","Another great experience at removery Katy..... I can't remember my tech name ... That's just old age..lol .. but always a pleasure to see her... She was a one man show on Friday checking me in and doing my session I was in and out in minutes..."
"4bf03b72-178b-4763-b138-a379d2b2f8e3","Removery (Katy)","Katy","5","Decided to come to Removery after having a few sessions on my tattoo elsewhere, and wow what a difference! The staff is very kind and knowledgeable, and the actual removal process was so much quicker and less painful! Highly recommend."
"4cd67d56-8ae8-4a13-90fe-136b5d3df79a","Removery (Friendswood)","Friendswood","5","He does a really good job , works steady and informs you really well"
"a0a7ba5d-df83-4cf6-84cc-cbb6c8f9a5c7","Removery (Friendswood)","Friendswood","5","I love Removery Friendswood!"
"11b625d8-c34f-4db3-a49e-69a49e1a54ae","Removery (Friendswood)","Friendswood","5","I'm on appointment number eight
The service is always quick
The removal is not painless because it's not possible to be painless.
But they do the best they can to help mitigate that they give you an ice pack to numb the area.

The staff are friendly and always make sure to ask how your day is or what you're up to, as well as ensure that you get your next appointment scheduled without walking out that door right after your appointment absent mindedly."
"8ddf69b4-5fd9-4e07-a428-900928166a41","Removery (Friendswood)","Friendswood","5","My gf is telling me that I look bald for the first time in our relationship. Lol. Im getting tattoo removal on my entire head and DaShawn is the technician taking care of the removal. Its definitely a lengthy process but most definitely worth it. Ask for DaShawn!"
"ca170e05-1258-453f-9d2a-919d27468613","Removery (Friendswood)","Friendswood","5","The team made me feel safe and comfortable!  They explained everything before the service!  I recommend them 10 out of 10!!"
"bfd06acf-79dc-4901-a5ba-a91d8ae48df0","Removery (Friendswood)","Friendswood","5","Great customer service not pushy, very upfront.   The tech talked me through it did an amazing job. Highly recommend checking the location at  friendwoods out...."
"c984024c-5fcb-457d-8a54-dd82636363b2","Removery (Friendswood)","Friendswood","5","First treatment down and was painless. Deshaun explained everything and was very gentle. Can’t wait for my next session."
"c387e40f-1f16-4343-aa5b-6525c2e87632","Removery (Friendswood)","Friendswood","5","Fourth treatment. Slow and steady wins the race. If anyone is thinking you're going to come in and get a tattoo removed in one session, you need to do more research. Staff is knowledgeable. Yes it hurts worse than getting the tattoo. The tattoo is starting to break up and get removed by my lymphatic system."
"b36e8e92-5c44-412f-bfd3-ba196e3d9583","Removery (Friendswood)","Friendswood","5","Lovely atmosphere.  Just two forms to fill out and pricing is feasible. Great experience."
"9b079602-6f7b-4221-be3d-1289a64ce410","Removery (Friendswood)","Friendswood","5","Hi! Just want to share my great experience with DeShawn of Removery Friendswood. I love working with DeShawn. For the couple of times I’ve been to the office regarding my tattoo removal, He always provides A1 customer service, makes me feel comfortable and at ease and answered all my questions.  Deshawn is great at what he does!"
"b1991720-0e82-4ebe-a4d6-2cd2421dd2b4","Removery (Friendswood)","Friendswood","5","Destany and Deshawn are awesome! I’ve been to another location before, but they make this place feel so comforting and definitely making this my home store. Great atmosphere and vibes and always super quick service!"
"97cbfe58-1b4a-4bb2-8fe3-ebc27a3e0286","Removery (Friendswood)","Friendswood","5","Deshawn is a great technician and always makes the appointment as comfortable as possible"
"ea0972b3-5076-4c7e-881d-732eed96e594","Removery (Friendswood)","Friendswood","5","DeShawn is most patient! He plays cool jams during your session which is helpful, puts you at ease. They are on top of scheduling your next session, most professional, I highly recommend."
"2ac72bfa-88f4-4309-b2be-99a7cf3e6ef1","Removery (Friendswood)","Friendswood","2","Very knowledgeable and good environment.... UPDATE: I went to Jess for over a year.  She is very knowledgeable.  I went in for my appointment 15mins late.  Instead of canceling and/or rescheduling I believe she purposely burned me. The reason I believe this is because she didn't say one word to me until after the short procedure, which is unusual.  I could also tell that she was annoyed that I was late because she kept looking out of the front window.  (Unfortunately, I was dealing with a serious family matter over the phone) I would have totally understood if she had to cancel my appointment!  As I was leaving she sarcastically told me to have a nice day.
I reached out to the company and the general manager was helpful.  They said there was an investigation but they could not give me details.  I now have to drive to channelview once my finger heals to finish getting my tattoo removed.  Just be careful in choosing who you allow to use a laser on you.  And if you are late with Jess at the Webster location, just reschedule regardless if they let you in or not. This is a picture over a month after being burned.."
"a0e56435-59d8-4e42-acaa-e3f3a6c6bf75","Removery (Friendswood)","Friendswood","5","Deshawn and Destiney are amazing! They both build great rapport with their clients and are extremely knowledgeable on tattoo removal. The process is fast and Deshawn talks you through it keeping you calm during the process. Thank you both! 🫶🏼🥰"
"26395307-d209-4508-9f4d-f38f7a40904d","Removery (Friendswood)","Friendswood","5","I’ve been coming here for tattoo removal and I truly love this place! Destany at the front desk is always so bubbly  and I mean always. She’s incredibly nice, welcoming, and makes you feel comfortable the moment you walk through the door. Her energy really sets the tone for the whole visit.

Deshawn, the tattoo removal technician, is amazing at what he does. He’s always on it and gets you in and out efficiently, but you never feel rushed. The way he moves the tattoo removal machine, you can tell he knows his job from front to back, especially when working around detailed lines.

He’s quiet at first, but once you start talking to him especially about his family  you can tell he’s such a genuine family man who really loves his kids. It just shows the kind of heart he has. He’s very nice, professional, and makes you feel comfortable throughout the entire process.

I also really appreciate that he puts safety first every time making sure you have your protective glasses on, using ice packs, and checking in to make sure you’re okay.

The whole experience is smooth, professional, and welcoming every single visit. I highly recommend them to anyone considering tattoo removal!"
"15b6d497-6518-4f7c-b2fe-91f50a02786f","Removery (Friendswood)","Friendswood","5","So great, went in for consultation and ended up getting my first session 20 minutes later!"
"f9599c31-2cdd-4117-a51b-1f8350d0c13c","Removery (Friendswood)","Friendswood","5","I always have such a good experience when I come for my treatments ! I love a good chit chat when I first walk in & DeShawn is great through out the process once in the actual room. Good vibes always & it makes the experience a lot easier !!"
"f1464e6d-7d46-4787-a7db-f3b5db285f41","Removery (Friendswood)","Friendswood","5","Love this location! The staff here are very friendly and helpful. Overall having tattoos removed takes a lot of time, but the staff here make the process so much better!"
"0c3844a8-fbe7-4fc6-b757-ffc7f8f202af","Removery (Friendswood)","Friendswood","5","My first time at this Location. It was a great experience. DaShawn was my technician and he was professional and kind. The sweet girl at the front desk was also very nice and helpful."
"c5fe1208-9513-4cc1-9889-d88fead04e41","Removery (Friendswood)","Friendswood","5","Awesome customers service. The staff is very friendly and welcoming!"
"258f325d-f5e6-45e8-9ee7-51552053e99c","Removery (Friendswood)","Friendswood","5","Fast and easy process! Friendly staff and great service! Definitely recommend!"
"4f0d00d4-9ab2-4de1-9e23-2a417592b410","Removery (Friendswood)","Friendswood","5","Honestly… tattoo removal terrified me. I just finished my fourth session. The anticipation beforehand never gets easier but it helps a lot walking in to a technician who knows what they’re doing. DeShawn is very informative on the process and provides good tips and also knows how to make the process beforehand easy. From icing correctly, letting you take breaks when needed, and talking you through the painful moments (keep breathing, etc). He knows what he’s doing and I am grateful to have a great studio near me and a reverent technician as well. I must say, the Removery crew has been very helpful and they do use the best lasers. My tattoo healing process has been crazy, but beautiful. Thank you, Removery."
"9a534c3c-861b-454d-a6de-daa99f8f16f9","Removery (Friendswood)","Friendswood","5","Came in with my husband to get a removal in order to enlist in the military and Destani immediately assisted me. She was very sweet and informative and answered every question we had. We were able to get in right after signing paperwork and start the sessions! Deshawn was amazing, very reassuring and his area was clean and well organized while the ambiance was relaxing! He was amazing!"
"fe5c1c63-5f49-4bcc-8444-340b9c94de55","Removery (Friendswood)","Friendswood","5","Deshawn and Destani were awesome, the treatment was quick and easy, wasn’t painful at all!"
"80fd4de0-e771-4ab4-909a-f237f3e9f878","Removery (Friendswood)","Friendswood","5","Great atmosphere and caring professionals"
"ee2aca58-c120-4c05-a481-2dc19e9f35c0","Removery (Friendswood)","Friendswood","5","If you are considering tattoo removal I highly recommend this location! The staff are amazing, extremely helpful and talk everything over with you so you feel comfortable. My tattoo is looking amazing, so excited to finally have it gone. Thank you so much!"
"4ad463c7-928a-42ea-841d-af4776c97d01","Removery (Friendswood)","Friendswood","5","Deshawn was wonderful!"
"78e1fe66-136f-4dd2-959d-e848ee366bc8","Removery (Friendswood)","Friendswood","5","Awesome and fun environment that really makes you feel at ease. DeShawn is incredible and provides an explanation for everything he does and takes his time answering any/all questions."
"1f519de0-1127-4c43-8db9-2b8777794e55","Removery (Friendswood)","Friendswood","5","Quick service, nice people and very.informative consultation process."
"79ebbaef-93e4-404b-92f2-b55937cd0fd1","Removery (Friendswood)","Friendswood","5","So far so good. I went in for a consult, and didn't expect much more than that. They worked with me on a payment plan, and I started the removal process. It wasn't near a painful as I had heard. It will be well worth the pain and price to be ride of something that reminds me of a very bad time in my life.
This location is nice, clean, and they treated me well. Friendly, understanding, and quick."
"746b28d5-3464-41ea-a1d6-23c403a6acb1","Removery (Friendswood)","Friendswood","5","Very friendly staff!! The office is clean and well organized. I arrived feeling very nervous, and the tech Deshawn helped me feel comfortable and explained every step along the way."
"e81ec38c-6c4c-4acb-8831-4c60f4bfcfba","Removery (Friendswood)","Friendswood","5","Thanks fast keep doing a great job"
"d2730bae-d67d-409b-9d74-a7410fd1eba0","Removery (Friendswood)","Friendswood","5","Second time visiting for treatment and they have excellent service"
"8772a790-54db-435c-a9a7-993a19d22e19","Removery (Friendswood)","Friendswood","5","I have had these ugly birds on the backs of my arms for 15+ years and I’m so self conscious about them. I’ve gone the saline injection route to remove them in the past but never finished. Made an appointment yesterday for a consultation today, walked out less than an hour later with no birds on my arms. Destiny was so great. She explained everything so well and I really had no concerns going into it. DeShawn was just as amazing. He walked me through the whole process and explained the how and the why. Once I made up my mind, he said “let’s do it now!” Which I fully intended to procrastinate and put it off for another 3 months.lol I’m grateful I made this appointment today and so relieved to see results so fast. Their studio is clean, warm and welcoming. Thank you!!!"
"de93511c-7a66-473c-8516-d8da54d4ee61","Removery (Friendswood)","Friendswood","5","If you are considering tattoo removal, I recommend this location as I’ve been a client for several years. I have several tattoos that are in the removal process. They’ve already successfully removed one as if it never existed. Deshawn is an amazing technician. He also has an awesome playlist of music and mentally that helps haha He walks you through every appointment step by step. He is professional and knowledgeable. Tattoo removal is definitely a journey and I am so grateful for the level of service and care at this location."
"9d2fa97f-509d-4cc3-9339-11d928b94c0e","Removery (Sugar Land)","Sugar Land","5","My experience was actually quick & overall the pain was not as bad as I thought it would be . Highly recommend def worth the results"
"11d3fb89-89a4-433e-a7fa-ad14661d78cd","Removery (Sugar Land)","Sugar Land","5","Great place to get your tattoos removed. Great staff and very professional."
"c27c25cc-494e-4272-9b45-630f452070d1","Removery (Sugar Land)","Sugar Land","5","Staff at Sugar Land location is extremely knowledgeable and helpful throughout the process. Great service."
"fe65f650-88d2-4774-9e3e-d672b6976678","Removery (Sugar Land)","Sugar Land","5","Such an amazing opportunity to come across a very put together location with very nice people and the process is as smooth as possible thank you so much removery ❤️"
"b419773b-a09c-4f7e-b01a-420db035ec2d","Removery (Sugar Land)","Sugar Land","5","So far the treatment has been great. The tattoo is fading and I have had no skin issues with my sensitive skin during the treatment. The ladies in the office are very sweet and easy to work with."
"52c98df8-26ec-4412-988b-28c7506e47f0","Removery (Sugar Land)","Sugar Land","5","Super friendly. Would recommend."
"2bc3e426-b62f-4d44-8c27-873aa59393b2","Removery (Sugar Land)","Sugar Land","5","LOVE IT HERE THEY DO AN AMAZING JOB! Ive been doing my sessions for about a year now and I’m obsessed! Everyone is knowledgeable and will not steer you wrong!"
"f524af93-8beb-4479-8529-732b65c168ca","Removery (Sugar Land)","Sugar Land","2","I got their services 2 1/2 years ago.  I only  had 4 session back then the technician who did my sessions was phenomenal and the place seemed really busy at the time.  I was given a discount for my first 3 package price.  However, today, 2 1/2 years later I went back to the same Sugar Land location and was really disappointed.  Let me just say that I had called their 1-888 number and they tried to get ahold of someone at this location because I had questions about their pricing, etc.  They couldn't reach anyone and told me someone would call me back.  Well after and hour I still didn't hear back from anyone.  So I drove over to the physical location.  A Jasmine/Yasmine? was at the front desk, and the place was completely empty, no clients, no busy servicing, her phone didn't ring once while I was there, and she was completely lacking in any initiative to help me with trying to figure out about any discounts available for a returning customer and it was like pulling teeth trying to find out pricing from her.  She seemed bored with me, like I was just an annoyance.  When I asked if the same tech was there that worked on me over 2 years ago, she said no before I ever gave a name.  Then she proceeded to tell me that they had a complete change over of ALL personnel including the regional manager.  When I said, boy it seems slow today, she said ""no, we are actually very busy and have a ton of clients"".  Well, I saw none..LOL  Anyway, it was really a turn off and I decided to leave and go somewhere else.  As a potential customer I want someone excited to tell me about their services and costs, even if I am a returning customer.  I want someone to be excited that I walked through the door.  But what I got was a very ho hum, I am bored with you customer treatment.  I loved this place 2 1/2 years ago, but not today years later.  One other thing, she said their were zero discounts or special offers.  When I went down the street to one of their competitors I got an amazing discount on a 10 session package and was treated like they were excited I walked through the door and were anxious to show off their place and tell me about all their services and products.  Sorry Removery but you lost me as a customer for offering no discounts to a returning customer and lacking any enthusiasm or showing initiative to gain me as a customer."
"60e65641-6595-4c56-882f-3914ff74331f","Removery (Sugar Land)","Sugar Land","5","I had a really great experience at this tattoo removal clinic. The staff was very professional, kind, and made me feel comfortable throughout the entire process. I was honestly expecting the pain to be much worse, but it was very manageable and not as bad as I thought it would be.

They took the time to explain everything to me, answer all my questions, and made sure I felt at ease before starting. You can tell they really care about their clients and do quality work.

I’m very happy with my results so far and would definitely recommend them to anyone considering tattoo removal!"
"f4fecadc-af4d-4119-9609-059f561ca70f","Removery (Sugar Land)","Sugar Land","5","From the jump, the whole staff was super informative and helpful with all my questions.

Gave me re assurance and multiple options to chose from including good finance options as a veteran. Very affordable if you’re serious about removing a tattoo.

6 sessions in so far and there’s definitely good results. Thank you removery!"
"6245fb29-723b-4c1d-808b-09ac16ff19c1","Removery (Sugar Land)","Sugar Land","5","Very welcoming place. Both of the ladies are amazing. My tattoo removal tech makes everything go smooth."
"89286f16-83da-44a8-8ef1-d8dff7ae52cb","Removery (Sugar Land)","Sugar Land","5","The ladies at the Sugar Land location are lovely. Great experience."
"7e271dc1-eda0-47a0-8ef1-2a8eaab5a741","Removery (Sugar Land)","Sugar Land","5","I had such an amazing experience at Removery today! I officially started my tattoo removal journey on multiple tattoos (both hands, foot, and two name tattoos), and I couldn’t be happier with my decision.

Yasmeen and Ashley were absolutely incredible. They were so kind, patient, and professional from the moment I walked in. They explained everything clearly, answered all of my questions, and made me feel completely comfortable and supported. The treatment itself was much more manageable than I expected, and they constantly checked in to make sure I was okay.

What really made this experience even better was how transparent and helpful they were with pricing and financing. I was able to get an unlimited session package with 0% interest, which made such a big difference and gave me peace of mind knowing I can continue treatments until everything is fully gone.

This was such a meaningful step for me, and I’m truly grateful for how smooth and positive they made the entire process. I highly recommend Removery and especially Yasmeen and Ashley
to anyone considering tattoo removal!"
"b56ca1b9-08c1-49f5-8f90-cd3b03a96847","Removery (Sugar Land)","Sugar Land","5","Great staff and great service."
"ae4f081c-8c96-4857-9b2a-6189abade387","Removery (Sugar Land)","Sugar Land","5","Booked my consultation appointment online. Came in and filled out a few quick forms.

Yasmeen then spent over 30 minutes explaining the whole process, showed me examples of what to expect, and answered all my questions. I mentioned that I’ll be moving out of state soon, and she reassured me that all of my information and services transfers seamlessly to all their other locations.

Once I made the decision, I went next door for my first session with Ashley. She made sure I was comfortable and let me know exactly what to expect for my very first session. Just minutes later, I was leaving! In total I was there for 1 hour and 15 minutes (from filling out forms, to initial consultation, to treatment).

Both Yasmeen and Ashley explained everything thoroughly, step by step, without ever making me feel rushed. The whole experience felt professional, transparent, and genuine. Highly recommend!"
"9b1ddc0e-ac6a-4a05-9a6f-a4e41ca2b4a4","Removery (Sugar Land)","Sugar Land","5","I’ve been coming to Removery for about a year and a half now for tattoo removal, and the results have been incredible. I have a large tattoo on my lower back, and I’ve seen so much improvement over time.

My current technician is absolutely amazing — professional, knowledgeable, patient, and genuinely caring. She always makes me feel comfortable and confident throughout the process. The consistency and care she brings to each session really shows in the results.

I truly love this place and highly recommend it to anyone considering tattoo removal."
"8b69d770-3233-41bf-9ac0-afe1ee9dd8dc","Removery (Sugar Land)","Sugar Land","5","Such a professional office, very well explained. Answered all my questions. From front of the clinic to back everyone was very patient and professional. Love their energy!"
"6d87bb2b-ded8-4394-8fe8-782f13423efb","Removery (Sugar Land)","Sugar Land","5","So thorough with the process and definitely made me feel more at ease ! Already seeing progress on one of my smaller tattoos."
"35dee981-153c-430b-9497-969fdfadf07e","Removery (Sugar Land)","Sugar Land","5","Buenos resultados hasta el momento tengo 5 secciones y todo va muy bien las chicas son geniales"
"cc912595-34f1-4bc5-9e8e-166d9f8726ba","Removery (Sugar Land)","Sugar Land","5","I have been going to Removery for a while now. When I first started my treatments I was a little nervous because I always heard the pain was worse than getting a tattoo. I just finished my 6th treatment and I will say the staff is kind and makes me feel as comfortable as possible. The appointment scheduling is accommodating. I see major results with my treatments. I would definitely recommend this place to anyone looking for tattoo removal."
"f14bb39a-61c5-4f96-8828-a54da879d076","Removery (Sugar Land)","Sugar Land","5","I went in for a consultation, and actually started my 1st treatment the same day. Everyone was very professional and friendly.  Everything was explained in detail, and all of my questions were answered fully. I was very pleased with my visit."
"9f2f4426-28bf-462e-9a9c-670c9fc7bcc2","Removery (Sugar Land)","Sugar Land","5","Best studio for tattoo removal ✨"
"4b5100c6-fb2f-4069-9dda-1ae158ec85f8","Removery (Sugar Land)","Sugar Land","5","Thanks!!! Always great service always very clean and professional environment"
"15ccb5f9-be41-4e5c-b5a6-aa57bd3b2ab5","Removery (Sugar Land)","Sugar Land","5","Ashley does a good job with my lasering and care within the process. My project is a challenge but im seeing a big difference  with patience  and endurance.  Thank you sm 🙏✨️🖤"
"b41bd8a8-c48d-4fa9-8312-1ceb9b0ecb7d","Removery (Sugar Land)","Sugar Land","5","Ashley is always incredibly pleasant and welcoming every time I come in for my laser treatment. She takes great care to ensure the ice has done its job before we begin, which makes the experience much more comfortable. She's very informative and always takes the time to explain things clearly. I genuinely enjoy seeing Ashley at all my appointments—her professionalism and warmth make a big difference!"
"10cca594-ba82-421d-8296-7cb8498f1b9f","Removery (Sugar Land)","Sugar Land","5","i’ve been going to Removery for over a year now and Ashley has been amazing every session. She’s polite, knows what’s she’s doing and is a very well communicator!"
"9b9a6036-5372-4aab-80e5-33f968e6126c","Removery (Sugar Land)","Sugar Land","5","I had my first laser tattoo removal session yesterday, and Ashley was amazing! She explained everything clearly, checked in on me throughout the process, and made sure I was completely comfortable. Her professionalism and kindness really put me at ease. Highly recommend Ashley if you’re considering tattoo removal!"
"8256ab4c-7068-4e30-ba9c-d2f47460eac2","Removery (Sugar Land)","Sugar Land","5","I ALWAYS have a good experience when I come for my appointments/treatments The staff is very helpful, caring,, knowledgeable and professional . My husband says he can see a difference!"
"40858e3f-2032-4c8b-afb2-14d5f956528b","Removery (Sugar Land)","Sugar Land","5","Ms. Yessmen who helped us is super terrific she was able to explain everything and walk us through the process very easily. She’s super wonderful!"
"98a7e315-b758-4007-9a8e-c9ab596babde","Removery (Sugar Land)","Sugar Land","5","I just had my first session at removery and I was WAY more scared than I was letting on. I was very anxious about the whole experience. Yasmeen and the laser tech made me feel super comfortable and they even helped me convince my boyfriend to be my emotional support during my first session. I look forward to continuing to work with them on this. Thanks!"
"50e1d4f5-f77a-4b09-b07a-1ebe3a959f24","Removery (Sugar Land)","Sugar Land","5","I highly recommend this place for transparent communication, reliable results, and very friendly staff! Both Yasmeen and Ashley were fantastic to deal with and took their time to run through the whole procedure, answering any questions I had along the way. The pricing was actually way better I expected and they do have some great financing options. The sensation is a little like getting popped with hot grease or a static shock, but if you can sit through a tattoo you can sit through this . I've only had one session so far but I can already see some of the ink breaking down. I'm excited to see how the results progress with more sessions. Really great experience! 10/10 for staff!"
"7fa14c67-ddb1-443c-bc81-10e40ba7eb2e","Removery (Sugar Land)","Sugar Land","5","The staff had me feeling very comfortable once expressing my concerns! I really appreciate their help and I look forward to the removal of my tattoo."
"fd96b4e7-99eb-4be1-9b38-4da324dc8576","Removery (Sugar Land)","Sugar Land","5","Very informative for a first visit. Can’t wait to see my results."
"cc579dcc-ef62-4c1e-8459-0b5481721cb0","Removery (Sugar Land)","Sugar Land","5","Thank You all, all do an awesome job, and I will definitely send you people who are interested in getting there tattoo removed. And again thank you for all you do."
"f4aee14c-41d2-48eb-90e4-dbcea39cfa45","Removery (Sugar Land)","Sugar Land","5","Great consultation and staff. Very informative and thorough about the whole process. Look forward to using them for my treatment."
"5a2e5d81-f94e-4ce4-a009-13d33a6f501b","Removery (Sugar Land)","Sugar Land","5","Great service ashley n is a great tech she help me olot with my removal!!"
"46fd61fa-d3a0-4f46-96ae-99987d4a05c1","Removery (Sugar Land)","Sugar Land","5","Best experience. Consultation was excellent with Jasmine and Ashley did the removal tattooing on my brows and was awesome. I highly recommend.
Susan"
"24eecf64-eff6-4891-b6ba-7ab99c1dd442","Removery (The Woodlands)","Shenandoah","5","Amanda is so thoughtful and patient. She comforts me when I need it. We work together to figure out the best way to go about each treatment."
"5f9d9a80-21c9-49f6-95ef-ee10a7979734","Removery (The Woodlands)","Shenandoah","5","Everything was explained in detail and I felt very comfortable with the process."
"c162fa67-21ef-4615-be53-76f7ad86af1a","Removery (The Woodlands)","Shenandoah","5","Great service, made me feel comfortable and will recommend to anyone needing tattoo removed."
"68791602-12ca-4ea4-958f-7ef5fc9400c0","Removery (The Woodlands)","Shenandoah","5","Amazing staff, and the Removal Specialist are so professional and helpful..."
"b6915d99-a59e-4133-8f65-079fe18110de","Removery (The Woodlands)","Shenandoah","5","I’ve been using The Removery for the past 6 months and couldn’t be happier with the removal process.  The staff and clinicians have been wonderful and very accommodating.  Everyone from Jennifer and Hailey in the front office, to Amanda  working her magic with the laser, in the back.  If you’re looking for tattoo removal, this is the place… look no further."
"42a5d565-b334-40eb-b713-5d78ec4187c2","Removery (The Woodlands)","Shenandoah","1","DON'T COME HERE! The staff was nice and have nothing bad to say on how they attended me. The reason I give this place 1 star was because they are shady and lied about the prices. Make sure that you ask to get everything in writing because they quote you a certain price but then want to charge you twice the amount that was verbally agreed. They also tell you that you will need certain amount of sessions only to later need double the amount of sessions. Although I can't prove it but it was almost like they were under-treating and lowering the laser settings since some times the laser treatment was completed normal and other times didn't even do a scratch. I would not be surprised if this place is doing this in order to keep you paying for more and more sessions. Shady business, save your money and look elsewhere."
"1db39301-d021-4c6b-bca1-5c576446e246","Removery (The Woodlands)","Shenandoah","5","I always have a great experience at this location. Staff is very friendly and the entire place is very clean. They are always ready for me right at my appointment time. Highly recommend."
"04e87df2-2047-4a28-a0a2-67ff7344df21","Removery (The Woodlands)","Shenandoah","5","Jennifer and Hayly did amazing at explaining everything and making sure that I was comfortable! Giving me as many breaks as I needed, answering all my questions! Highly recommend!!"
"121be64c-47dc-4706-b7c2-a4482cabf6db","Removery (The Woodlands)","Shenandoah","5","Removery has been great thus far! I’ve only had a few sessions and my tattoos have faded. I can’t wait to see the end results. The staff is phenomenal and their office is very nice and clean. I would recommend them to anyone wanting to get rid of tattoos that you’re no longer happy with!"
"b28515cb-4129-4de0-8a60-381df5edbe7d","Removery (The Woodlands)","Shenandoah","5","Amanda is awesome! She ensures that she provides you with aftercare instructions and recommendations. Thank you, Amanda!"
"7a865499-52fe-4408-8789-551d808ca909","Removery (The Woodlands)","Shenandoah","5","I love Y’all Thank you so much"
"06b002ca-bab2-4439-810e-69bda889f29f","Removery (The Woodlands)","Shenandoah","5","I’ve been going to Removery for my laser tattoo removal and my experience has been great so far. Jennifer at the front desk is always very friendly, welcoming, and helpful with scheduling and any questions I have.
Amanda, who performs my treatments, is amazing. She is professional, knowledgeable, and makes me feel comfortable throughout the entire process. She explains everything clearly and makes sure I’m doing okay during the session.
Overall, the staff is very kind and the service is excellent. I definitely recommend this location if you’re considering tattoo removal."
"e0bd740f-6dc0-43a8-8a92-5ba20c8e097b","Removery (The Woodlands)","Shenandoah","5","Great people work here everyone is always friendly and helpful"
"bca1612d-1dd3-4eec-8cf4-97fdc8f50ccb","Removery (The Woodlands)","Shenandoah","5","This is my second session. I like to experience things twice before leaving a review especially when it’s a thing I will continue to do for a year. I will say my first and second appointments were great. My first appointment they were very detailed and great at explaining all the expectations from the actual process to the after care. The second appointment they were welcoming again and helpful when I described my healing experience and took the time to listen and even made small pivot in my treatment plan to make sure I’m healing properly and I appreciate that."
"f943684c-b810-4fb1-af3f-1f039b9cd4e2","Removery (The Woodlands)","Shenandoah","5","Jennifer, Amanda and Haley are great and continue to provide a comfortable atmosphere as if I'm going to visit friends instead of just feeling like a number. Keep up the great work!"
"622da037-9fbb-4d1d-8d8c-18d890b6272c","Removery (The Woodlands)","Shenandoah","5","The ladies that work her are awesome!! Even though the pain from the procedure are “very painful” the ladies make the pain go away… Would highly recommend this place!!"
"2192b919-de83-48b7-9fbb-b69a817c3132","Removery (The Woodlands)","Shenandoah","5","I appreciate all the staff and the nurses that are doing my laser removal. They are so nice and take there time if you ask them too. I would highly recommend this Recovery Removal to anyone. I'm happy with my results and as you go they are supporting you with your treatment. I give it more that 5 stars."
"d9ff2f44-10b3-4f6d-beb3-caf5c214e7cf","Removery (The Woodlands)","Shenandoah","5","I love it was the best experience ever . Haely was amazing and Jennifer was really helpful ."
"47ce2817-4dcc-4047-9ea6-339d9c9eda26","Removery (The Woodlands)","Shenandoah","5","Everyone is super professional, they walk you through the entire process answering any questions you may have, they are patient, passionate, and make the experience worth it! I’ve felt comfortable from the first day and am excited to continue the removal journey with them."
"f37ea230-5ea6-49b1-b0fd-4d3d157804d9","Removery (The Woodlands)","Shenandoah","5","I can’t stress this enough! The whole team at Removery in The Woodlands are amazing!!! Amanda has been removing my tattoos for almost a year now and I am so pleased and happy with my results two are almost fully gone it’s amazing!!! If you’re thinking about it just do it! They’re the best!!!"
"c75784df-1a53-423e-a1ed-edf36bbd133e","Removery (The Woodlands)","Shenandoah","5","I always have a quick, positive experience at Removery Tattoo Removal. The staff is consistently friendly, professional, and makes the whole process easy and comfortable every time."
"b7abffe5-2dd2-440d-be05-250eca9fea31","Removery (The Woodlands)","Shenandoah","5","Removery is always ready for me. No waiting.  I can’t wait to see the final result.  Thank you Removery."
"ecef1c8c-036f-42e6-85d2-1e59a5fc1fe6","Removery (The Woodlands)","Shenandoah","5","Everyone in there is well educated at their job even the front desk lady so thats cool"
"62d75555-e208-4510-b598-73ab9e5297a0","Removery (The Woodlands)","Shenandoah","5","The best at what they do!
Best decision ever to go to Removery!!
Highly recommend!!"
"ce130cc5-5bd9-4dc2-8838-d11220201a74","Removery (The Woodlands)","Shenandoah","5","Great patient care!  It didn’t hurt as bad as everyone said it would be. This place made it as painless as possible and very sweet about it. I definitely recommend them. Jennifer and Amanda were my team today and they were fantastic!!!!"
"af3cfab1-3b12-424c-8904-8bdb200c8526","Removery (The Woodlands)","Shenandoah","5","The staff are extremely friendly & knowledgeable and my tattoo is almost completely faded away❣️"
"52a5e46c-e998-4742-b471-2e9b3dc6b071","Removery (The Woodlands)","Shenandoah","5","Removery tattoo was the best decision that I made to start my tattoo removal. The staff were very polite and helpful from the moment that I stepped into the office. They took their time explaining the process with me and the payment arrangements. I was even able to start the first session of my tattoo removal the same day as my consultation. The removal was extremely fast, and the pain level for me wasn’t as bad as I expected it to be. Thank you guys so much, can’t wait for my next visit. This process will be well worth it."
"25e6fbef-e716-45cd-8a93-35ad2465b3f8","Removery (The Woodlands)","Shenandoah","5","Very kind, helpful, and professional. Clean environment too. I can’t wait to see my results"
"1ba17acc-0723-44c9-a69a-f68c36053b0a","Removery (The Woodlands)","Shenandoah","5","Amazing work and very detailed on the process."
"a0c19571-806c-4893-bf3d-5d9bb9bd2945","Removery (The Woodlands)","Shenandoah","5","First time getting my eyebrows lasered to remove old ink/work i didn't like. It's super fast and Amanda is the best ! She truly makes you feel super comfortable and explains every step of the way.
She's very professional and kind.
I highly recommend her !
Thank you Amanda"
"27505a9a-a6be-4d58-a7ee-c2ef31e422fa","Removery (The Woodlands)","Shenandoah","5","I didn’t know anything about tattoo removal going in to this, so i was a bit nervous, but all my anxieties went away when i walked in. Everyone was so polite and accommodating, jennifer the receptionist was very friendly and took the time to talk me through the entire process and made me feel comfortable. I have full confidence in doing the tattoo removal process, and i had my first session and it was a very smooth process. definitely recommend if you’re looking for tattoo removal!!"
"ef1fc9f8-0747-446e-bc36-53b658dfcee9","Removery (The Woodlands)","Shenandoah","5","Great service with a knowledgeable and professional team. I've seen major results with every session. Always love coming here! Jennifer is wonderful as well."
"2019b2ac-3b8f-42e4-9478-d2523f879cfd","Removery (The Woodlands)","Shenandoah","5","I had my first visit at The Woodlands location, and the staff there is so kind, informative, and knowledgeable. Jennifer and Amanda walked me through the process, science, and financing, and even got me in for my first appointment immediately. They even checked on me the next day. I highly recommend the Removery. I’ll update the review as I go through my process."
"70b8cdac-4427-405f-a81a-34a5b8792f1e","Removery (The Woodlands)","Shenandoah","5","I had been thinking about getting a tattoo removed for a few years now and never worked myself up to being able to do. I was welcomed with a plan and instructions on how I would have to care for the tattoo I am removing post appointment. I enjoyed having Lauren and Haley giving me details about every single step they were doing."
"56737937-6dec-40dc-b7f2-1a6089848361","Removery (The Woodlands)","Shenandoah","5","Great experience!! They have payment plans if needed !!"
"f958fac1-ee0e-43bc-8e81-1f7a6911e1ed","Removery (The Woodlands)","Shenandoah","5","Amanda is really great. She makes you feel as if you are old friends. She is punctual and knowledgeable. Amanda looks at each case and continues to customize your care as your body heals and recovers. I’ve been to a few different Removery’s and Amanda is the best."
"8b8400e1-7de2-4b9c-a0c5-b77671a757a1","Removery (The Woodlands)","Shenandoah","5","Very professional, friendly, and judgment free. The staff really took time to explain the process, go over realistic expectations, and make sure I was comfortable. I have only completed one session so far but I am very encouraged and looking forward to session 2."
"bc89c8b1-1d7d-4446-a8ba-bf7842c724ab","Removery (The Woodlands)","Shenandoah","5","I had my first laser tattoo removal session at Removery and it was a great experience. Jennifer and the team were very professional, explained everything clearly, and made me feel comfortable the whole time. Healing has been going well and I really appreciated the follow-up check in!"
"57f720ba-b721-46a9-a53a-a7e0e98e3e3b","Removery (The Woodlands)","Shenandoah","3","Staff was wonderful nice and caring to my situation  unfortunately  do to my seizures I could not have my tattoos removed."
"06f6c8a8-5ccd-472e-bb75-ca12c46f426c","Removery (The Woodlands)","Shenandoah","5","Every time I see the staff at this location they are extremely friendly and very professional!! Great customer service. Highly recommend"
"12b8b632-cd7e-4329-899f-54375e3c7e49","Removery (The Woodlands)","Shenandoah","5","Great place, great people"