id,provider_name,location_city,location_state,star_rating,review_text
"aac5729f-11a2-44d1-9104-073fc2d8b4f6","Think Again Tattoo Removal","Austin","TX",5,"I'm very happy I chose Think Again for my tattoo removal. Natalie is very nice & professional, she explains each step, the price was great and I'm seeing results already."
"55cc7fb3-ceb3-4603-b3a5-265722585677","Think Again Tattoo Removal","Austin","TX",5,"Natalie made me feel so at ease when I was quite literally a basket case over my first laser appt. I numbed and it was no big deal. It’s the day after now and my skin is in good shape - no excessive burns or blisters. Thank you so much!"
"40a708a1-a97b-438c-b724-d1cc6489fb4b","Think Again Tattoo Removal","Austin","TX",4,"Loved the atmosphere at Think Again Tattoo! I brought my husband the first time and it made for such a sweet date-day and learning experience. She was transparent, kind, and thorough—clearly explaining the process, pricing, and what to expect. The experience was easy, welcoming, and comfortable. We leaned on each other a bit to remember which bandage to use 🤣  Overall it was a very positive experience. I appreciate her openness and kindness and look forward to continuing to work with her ✨🤍"
"5d7f1c70-cabe-4f3e-b453-a2b906bf14a0","Think Again Tattoo Removal","Austin","TX",5,"I’ve been considering tattoo removal for several years and I’m so happy to have finally started the process. I did a lot of research and decided to go with Think Again and I couldn’t be happier so far!"
"683b15a2-70f3-496f-9230-60c15a125f28","Think Again Tattoo Removal","Austin","TX",5,"My experience with Think Again has been top notch! Natalie has provided so much information and always makes sure that I feel comfortable with everything every time I leave! She always has a smile on her face and is very welcoming! I’m glad I chose Think Again!"
"e4298347-94bd-43b4-96d8-57e212998849","Think Again Tattoo Removal","Austin","TX",5,"I had such a great experience! I scheduled my consult with the goal of having first treatment same day. The time the lady took to go over everything with me was amazing. She explained everything so thoroughly and gave me proper expectations of what *could* be the result. She explained that every person is different, and results vary therefore treatment times vary. I appreciated this! I didnt feel like she was trying to convince me of anything, just giving me all the knowledge! The actual treatment took like 2 minutes. I did my 7 year old microblading brows. I’m shocked at the results, even my husband was amazed how they were basically gone!!! Highly recommend!!! I’ll be telling all my friends about this- oh, wait, already did!"
"0e03662f-c296-476a-a4bc-4b6d519d2b05","Think Again Tattoo Removal","Austin","TX",5,"Really enjoyed the experience! Every step was explained carefully and I felt very valued and heard. Excited to go back for my second treatment!"
"aa0d39db-e045-49ef-adeb-fdbb19931a45","Think Again Tattoo Removal","Austin","TX",5,"Super clean and comfortable.  Natalie is very professional and kind.  My tattoo is in a private spot and she May me feel right at home."
"e3a2b53b-8b99-4a0c-b3f8-c25aa70b13ea","Think Again Tattoo Removal","Austin","TX",5,"Natalie has been removing my tattoos here for a few months and I am super happy with my treatment and progress! She is kind and very intentional in making sure the treatment is comfortable and goes smoothly. Would definitely recommend Think Again for anyone looking to get a tattoo removed in Austin."
"f86a3e4d-114d-4ae8-8a43-6c46b7cbf029","Think Again Tattoo Removal","Austin","TX",5,"Wow! Natalie is awesome. I felt very informed and I feel happy for next steps to get this removed. It was fast, not painless (I didn’t numb) but as easy at it could be. Highly recommend."
"85264ec0-b354-421e-8f87-792b7ded2520","Think Again Tattoo Removal","Austin","TX",5,"Natalie made fell so comfortable after minutes of being in her chair I felt like we were best of  friends. Her knowledge about the procedure was so awesome she answered every question I had. Friendly environment clean establishment. Would recommend to any of my friends who got names tattooed on their body you  know which one you are"
"8bc649bb-fefd-4d33-8614-7a5312a7ea20","Think Again Tattoo Removal","Austin","TX",5,"I’ve been coming to Think Again for around five and a half years now and usually get treated at the Miranda clinic. The level of professionalism, customer care, and consistency is why I keep coming back, the team genuinely go above and beyond every single time.  I was overseas in the States last month and decided to step in for one of my regular treatments and check out the new Austin Clinic; same flawless experience. You can tell the staff are trained to the same high standard across every location. Can’t recommend these guys enough  Big thanks to Mike and the crew for the continued support (nearly removed half my body by now 😂). Appreciate the ongoing support and quality service every time"
"2d47bdc3-2977-4a75-a8bb-9e2cd2c3e8f2","Think Again Tattoo Removal","Austin","TX",4,"Definitely recommend Natalie! She's super professional, they use the latest technology, and their before-and-after gallery is amazing. I can't wait for the next appointment."
"268877f5-5a09-4d29-9da9-cdfba41f48cf","Think Again Tattoo Removal","Austin","TX",5,"I’m so impressed with my results! The laser treatments I’ve been receiving actually work, and Natalie truly cares about her clients. Clean space, great service, and fantastic results. I wouldn’t trust anyone else with my tattoo removal journey and couldn’t recommend Think Again Tattoo Removal here in Austin more!"
"7da4d0ba-e95f-4a5e-a18f-a87be50d2518","Think Again Tattoo Removal","Austin","TX",5,"I usually get my treatments done in Sydney but had a session at the Austin clinic while travelling. The experience was just as consistent. I felt completely safe and well looked after. Natalie was wonderful, professional and reassuring throughout the whole treatment. Great to know the standard is the same no matter which location I visit. Highly recommend!"
"de5a9edf-8aeb-4f7d-86dd-6353e09b64e0","Think Again Tattoo Removal","Austin","TX",5,"Love this place!!! I’ve been to quite a few different laser clinics and Think Again is by far the best!!! Natalie knows her stuff!"
"2e6f18d0-9cd6-498f-8b42-6df86e23e12a","Think Again Tattoo Removal","Austin","TX",5,"this tattoo removal is located at the corner of Alpine and South Congress in a building that is composed of condominiums with businesses on the bottom floor. There is parking on the street if you are lucky otherwise there is parking under the building itself"
"2983cc06-f1b3-423a-b762-d79844d4232f","Think Again Tattoo Removal","Austin","TX",5,"Natalie was such a gem. She was very professional and explained everything at the consultation and then a few weeks later at the treatment (although they do offer same day treatments-waiting was my choice) , she described everything as she was doing it. Office was super clean and the process was fast.  I look forward to coming back so I can lighten it up for my cover up! I was scared at the idea of getting this done but I didn’t even put much thought into the original tattoo itself so why overthink this? I would have regretted not getting this removal treatment done in the end! The cryo hose really helped too for cooling and numbing it beforehand. The pain for me felt like one of those laser hair removal items with the cooling touch.  It’s exactly like that! It hurt way less than getting the tattoo itself. If you were already thinking about removal and waiting on a sign to get your tattoo removed, this one is it!"
"e69a7223-0c33-4eaf-bbaa-4f78e8f00530","Think Again Tattoo Removal","Austin","TX",5,"May is the best! So positive and personable! Can’t wait to go back! Made the appointment so comfortable and the treatment was like getting the tattoo pain wise. USE THEIR ACACIA CREAM! It feels soooo good!"
"25712429-6c9f-432c-987d-0b60f644321d","Think Again Tattoo Removal","Austin","TX",5,"I’ve had tattoo removal done in the past (yes, I made another questionable decision—lol), and the experience was terrible. It was painful, confusing, and I wasn’t given clear or helpful information about what to expect.  But Think Again is on a completely different level.  Booking was super easy. I got a consultation the very next day. From the start, I received a detailed explanation of the process, what to expect during and after treatments, and a clear breakdown of costs. The customer service was top-notch, and to my surprise, the price was actually much better than other tattoo removal places I looked into.  Natalie, who runs the place, was fantastic from start to finish. She really knows what she’s doing and makes you feel comfortable and confident about the whole process. Go see her and the team at Think Again.  I’ll definitely keep going until the tattoo is completely gone. Thanks y'all"
"72c4ee23-f483-4843-8001-ac8e51b5b6db","Think Again Tattoo Removal","Austin","TX",5,"I went to Think Again to get my eyebrow microblading tattoo removed. I have been contemplating doing this a year nervous and how to choose a right and safe place. I was referred to Think Again and couldn’t be any happier. Natalie was so nice and educated me on the process. I am so happy with my results and now I can finally look at my self in the mirror again with confidence 😍"
"1a1c61bb-d641-4fc9-bfe6-7da025150b6a","Think Again Tattoo Removal","Austin","TX",5,"Mike and Natalie are absolutely amazing. I had my first treatment with them at the weekend for botched lip blush, they made me feel really comfortable and communicated everything to me at each step of the process. I felt at ease as soon as I stepped into the clinic. I felt like I was in very safe hands. The clinic is lovely and clean. You can tell how passionate they are about helping people safely remove tattoos. I can’t recommend them enough, and can’t wait for my next session!"
"6178f754-2e50-4adb-8dd7-e901b155a954","Think Again Tattoo Removal","Austin","TX",5,"I got botched lip blushing done about 2 1/2 years ago, and having permanent makeup on my face that I dislike has been traumatic to say the least. I thought I could fix it with multiple lip blushing sessions, but it just made everything worse. Finding a place to help me with removal was such a struggle, especially with all the horror stories about oxidization.  I’m so glad I did my research and waited until Think Again opened in Austin because I wasn’t comfortable going to anyone else. I finally flew in from New Orleans and had my first session today, and it was awesome. Mike and Natalie are the best, and we had a successful treatment today!!!!! I’m super excited about my next appointment to finally get rid of this lip blushing nightmare!  Huge shoutout to Think Again Laser Removal—if you’re looking for PMU removal, this is the place to go! I’m so grateful for their help!"
"4a828a61-2445-4185-8b35-902e8f797f61","Think Again Tattoo Removal","Austin","TX",5,"I went to Think Again to have my 2018 microbladed brows removed. I had a previous first session done elsewhere, but wanted to try Think Again’s laser. They were able to remove most of my old pigment in just one session, and I suspect I’ll only need one more! As a permanent makeup artist myself, it’s important to find laser techs who understand the complexities of removing old, overly saturated PMU & i feel very confident that they do. Thank you, team!"
"a5b82a95-8161-4228-b441-2094e51acb73","Think Again Tattoo Removal","Austin","TX",5,"10/10 experience!! Kenzie and Natalie were so comforting and helpful through the whole process. I was really nervous going into my appointment, but the minute I walked through the door I was met with ease! Kenzie was so informative about the process and exactly what happens! The actual process did hurt a bit so be prepared, but if you follow the aftercare steps it really wasn’t bad!!! It felt like a slight sunburn for about 24 hours and the pain was gone! Excited to finish my sessions and get this awful tattoo off my body!!"
"1c376e5f-46aa-4c79-884d-88d0002bf0a2","Think Again Tattoo Removal","Austin","TX",5,"I’ve been going to Think Again Laser Tattoo Removal here in Austin, and I can’t recommend them enough. The staff is super easy to work with—professional, kind, and they really make you feel comfortable throughout the process. They also do an amazing job. I’ve seen great progress with my removal sessions, and everything has been clearly explained from start to finish. If you’re thinking about getting a tattoo removed, this is definitely the place to go."
"c9155cfe-7956-493b-9469-520ae50891b9","Unbranded ATX","Austin","TX",5,"I am so glad I found Alan! We are 3 treatments in and I couldn’t be happier. I am so glad I went with him over a larger laser center. His professionalism, attention to communication, cleanliness and technique are amazing. I am a nurse, myself, and I am thrilled with the entire process at Unbranded. The suite also has a super cute style! ✨💫"
"ec3f2221-3fd3-4e53-9046-a5ff45c3a849","Unbranded ATX","Austin","TX",5,"Alan is the best there is by FAR do not waste any time do yourself a massive favor and go straight to him"
"7b6b8ac8-bef7-4636-b07f-4a614da58d8f","Unbranded ATX","Austin","TX",5,"BEST tattoo removal place in all of ATX! Looking forward to this thoughtful, carefully thought out process. 5 Stars, Above & Beyond. Thanks"
"f6dc7d40-6cf2-4fa8-a5fb-84294e5f7abe","Unbranded ATX","Austin","TX",5,"Awesome. Alan is great. Good technique and uses a cold air machine before laser application, and ice packs after. I have been going for 2 years, about 4-6 months apart and seen great results. He also follows up afterwards to make sure you are doing ok."
"914502de-da3e-47ba-a4ae-705177003da6","Unbranded ATX","Austin","TX",5,"Pricing is really reasonable. He makes sure you’re comfortable and not in too much pain during treatment. His studio is also very aesthetically pleasing and you can tell he is very professional with his work. Highly recommend to anyone (I got it to remove my bad microbladed brows)!"
"9fa3258c-37d7-4950-8d18-a83b6989f413","Unbranded ATX","Austin","TX",5,"After receiving many many laser treatments at another place I am grateful I found Allen, the owner of Unbranded. I had my first treatment with him last week at it was a great experience. He knows his stuff and I highly recommend giving him a visit"
"11d82428-7f93-4fe4-be09-450acb754b84","Unbranded ATX","Austin","TX",5,"Had 2 treatments done so far and Alan does great job at educating and helping you understand the process from start to finish. He’s very communicative on scheduling appointments and reasonably priced. Will continue working with Alan till my few tattoos are removed."
"ef182c51-3ec5-4062-b58d-4bf091e787f2","Unbranded ATX","Austin","TX",5,"Vetted a few places throughout the ATX area for my tattoo removal and decided to give Unbranded a try and I am so glad I did. I'd like to also mention this review was not prompted or requested by the company (as we all know sometimes tends to happen from other brands) and my experience, customer service and communication thus far has been far above average. The facility was super sterile, the process was VERY quick and from someone with a low pain tolerance, it was maybe a 3/10.  Super grateful for what I've experienced thus far and is SUCH a breath of fresh air!!"
"f7c52059-8802-4c8f-b53e-2a2ca4b0a171","Unbranded ATX","Austin","TX",5,"I still have some sessions to go with my removal but wanted to write a review because my experience with unbranded has been great!! Alan is a kind person and very knowledgeable. I appreciate that he’s careful about minimizing risk of scarring/issues by checking in how my skin is reacting to each treatment and gradually increasing the laser intensity. He also cares a ton about minimizing pain and making sure sessions are comfortable. I’ve had a really positive experience with unbranded and would strongly recommend going to Alan for your tattoo removal!!"
"606c8d17-6f18-4248-bed8-1b4464277d01","Unbranded ATX","Austin","TX",5,"Alan is super knowledgeable, professional, and kind. The pricing is also very reasonable. I’ve already seen results after a few sessions of laser tattoo removal. Highly recommend"
"001a8ea8-bd18-4272-abab-b19b90c1e0ae","Unbranded ATX","Austin","TX",5,"a fantastic place, and Alan (the owner) knows what he's doing. he always checks in the day after one of our procedures to make sure I'm feeling okay and things look good, which is greatly appreciated   I would highly recommend his ahop, next time I want to get my other ex-wife's name removed from my arm I'll definitely be going to him......"
"45c14262-9888-4e16-816e-fd2494a7020f","Unbranded ATX","Austin","TX",5,"Alan’s reviews speak for themselves. He point blank just knows what he’s doing. He’s extremely thorough and his top priority is doing things the right and safe way. He’s been able to treat my 7 year old botched eyebrow microblading, and after 4 sessions I’d say they’re about 85% gone. He’s also more affordable than anywhere else in the city. I wish I had found him years ago. I’m very happy with his work. Would recommend to anyone."
"144f674f-9d9e-436d-8420-4be90fcff852","Unbranded ATX","Austin","TX",5,"I had a pretty fresh tattoo that, yes, I decided I didn’t like anymore. Sad but true. Alan is knowledgeable and non judgmental. He is quick and tries to make the process as easy as possible. It doesn’t feel good but it is also a really short appointment and Alan works to make it as less painful as he can with cold. Great experience !"
"3152147f-9a9c-4cc5-994e-abfa87560244","Unbranded ATX","Austin","TX",5,"Very great experience here! I’ve been to other clinics in the past and this is by far the best. Alan is very knowledgeable and skilled plus can’t beat the price. Looking forward to my next session."
"c688126d-d810-47da-86f2-c108cef0ce80","Unbranded ATX","Austin","TX",5,"It’s been a while since I used his services but it’s never too late to leave a review. His office is very welcoming and his professionalism is a welcomed plus. Alan is a great guy and totally respects the privacy and the reason for the removal of the regretted tattoo. At least in my case. Highly recommend his services!"
"89b2c950-77f5-47ed-b697-c460d09c9a7d","Unbranded ATX","Austin","TX",1,"I usually don’t leave reviews, but my experience with UNBRANDED Tattoo Removal has been so frustrating that I feel it’s worth sharing. My girlfriend and I had been going here for tattoo removal and had already completed two sessions over the past year. Everything seemed fine until the day before our third confirmed session.  Out of nowhere, the owner decided to close our account and refuse further service because we didn’t respond to a confirmation message within 24 hours of the appointment. Keep in mind, the appointment was already confirmed in advance, and we couldn’t respond right away because we work night shifts and were asleep.  This policy (if you can even call it that) feels completely unreasonable, especially since we were paying customers and had never missed an appointment. Instead of showing any understanding or flexibility, the owner just cut us off. It’s disappointing and unprofessional.  If you’re considering this place, be prepared to walk on eggshells over arbitrary communication rules or risk losing your spot altogether. Definitely not worth the hassle in my opinion.  Edit: We never missed an appointment, we ended up having to move one, but you were never ghosted. You should just focus on your full-time job, and leave this type of business to people who can communicate in a more professional manner.  You’re getting paid hundreds of dollars to perform a service that takes a day or two of training and 30-40 minutes to perform."
"5b64f84a-82bd-4394-b5a9-60af63fd72a1","Unbranded ATX","Austin","TX",5,"After my original spot sold out to a big name high pressure sales type company, I found unbranded.  Alan was amazing.  I liked how welcoming, knowledgeable, and casual the appointment was.  His office was welcoming, had some amazing decor, was very professional and well set up.  He definitely put alot of thought into his business.  He was very thorough in explaining the process, and aftercare.  I've had a lot of treatments to remove my tattoos... I'm nearing the end (this was #13 or 14). I'm glad I found unbranded.  His story of working in the healthcare field and deciding he wanted to help people erase mistakes of the past really resonated.  Thank you Alan for the wonderful experience, fair pricing, and transparency.  I look forward to my next treatment and soon being totally ""unbranded"""
"a830199b-2573-42b4-88b8-f223545b4f34","Unbranded ATX","Austin","TX",5,"Just finished my second appointment with Alan. He is extremely kind, professional, and knowledgeable, and I've already seen great results from just my first treatment alone. His office and the room he lasers out of are extremely clean, cozy, and well-decorated. AND his prices are so affordable!! I'm super pleased, I'd recommend him 1000% :) And for anyone wondering, no, it's not that painful. I'd choose the laser over having tattoos I dislike several times over. Alan also uses an ice-cold-air-blasty-thingy to numb the area before and during treatment. Thanks Alan :D"
"fed14f49-7e83-4244-ad5e-37691091d9e5","Unbranded ATX","Austin","TX",5,"Tattoo removal is a long process and UNBRANDED has made it so much more easy and affordable. I was nervous and had a lot of questions, but Alan has been so helpful and knowledgable!"
"e55c46f9-ed55-4a19-ae41-430f21b02ad8","Unbranded ATX","Austin","TX",5,"Alan has great communication, before, during and after. He's very knowledgeable. Clean office. Would absolutely recommend!"
"bde78da8-a679-490a-8a37-9e7e425fe40d","Unbranded ATX","Austin","TX",5,"I met with the owner, Allen, recently and he’s extremely helpful and knowledgeable.  I would highly recommend his business"
"f5d461fa-fd12-426c-900b-56826df5d5f7","Unbranded ATX","Austin","TX",5,"I was very pleased with the results of my sessions. The entire tattoo faded better than expected. Each session was easy peasy and took just a few minutes. Alan was very informative, accommodating with scheduling, and helpful."
"5056e5a8-e0f7-4af8-adff-9fb7047c5b63","Unbranded ATX","Austin","TX",5,"Alan is great! He is very knowledgeable and it's evident he wants what's best for his customers. He has very reasonable pricing and will err on the side of caution when timing out your appointments (rather than some places that just want to see you as much as possible). His office is very comfortable and he goes out of his way to make you at ease. I saw great fading in just one tattoo removal session from him. Highly recommend!"
"aa6a321b-d9c4-4882-8273-e6c902de6d1f","Unbranded ATX","Austin","TX",5,"Great experience so far! Felt comfortable and Alan answered all my questions! Weighted blanket was a great touch!"
"b4a17cab-8034-487d-85ba-ba9658f8b255","Unbranded ATX","Austin","TX",5,"I was blessed and fortunate enough to find Alan on Google. I had my first laser tattoo removal session with him recently and he was so informative beforehand. It made me feel so good how professional he was and how easy it was to talk to him. I love the office setup and everything!I look forward to my next appointment!"
"d14934b4-ba86-42ae-b37b-f1f2cb3d2f1d","Unbranded ATX","Austin","TX",5,"I went to Alan at Unbranded Austin for charcoal laser facial. Alan was so great! He explained everything and was very professional. His office has a nice calm atmosphere and very private. I can really see a difference in my skin. It seems more healthy and alive.  I will definitely go back to see Alan."
"2e0bbc3e-e2e4-4338-a0a2-6e43c599c797","Unbranded ATX","Austin","TX",5,"Alan is great and makes the whole process a pleasant experience!"
"78456606-69b4-4085-8bc2-cecfd7bf7da9","Unbranded ATX","Austin","TX",1,""
"3c31514b-11f5-4404-98bf-5e69898194f4","Unbranded ATX","Austin","TX",5,"Alan is the best! My tattoo has lightened up so much since I started seeing him. The process is so convenient and affordable too. Would recommend to anyone curious about removing a tattoo!"
"ec4a4fd2-c1db-4d1b-a12f-5d33fbc14eb6","Unbranded ATX","Austin","TX",5,"Alan is the best! Extremely professional and takes great care of his clients!"
"b85946d2-b3c4-493a-af31-13726e2e9723","Unbranded ATX","Austin","TX",5,"Alan was so kind & educated me on the removal process. He worked quickly and made sure I was comfortable every step of the way!"
"ef9981e8-5b7c-4079-b067-3499d04665c7","Unbranded ATX","Austin","TX",5,"An easy 5 stars for Unbranded Austin! Alan is very reassuring and knowledgeable, and receiving a service like this from an actual medical professional certainly adds an extra level of comfort as well. The space is super clean and comfy without feeling stuffy or clinical. Really positive experience and can confidently recommend to others."
"c7ce0615-4d17-4d4a-a925-1e0deb404589","Unbranded ATX","Austin","TX",5,"Alan is great. I’m in the midst of removing two tattoos with him and so far, everything has been professional, transparent, friendly and fair. He is thoughtful and thorough and makes sure you are happy with the progression each session. The building he’s in provides easy parking and his space has good energy."
"76a77edc-eee1-4bf3-af75-76206dae072b","Unbranded ATX","Austin","TX",5,"Alan literally saved my eyebrows after a negative microblading experience! He’s also very professional, informative, kind, and affordable."
"60c979d1-8047-4fb7-8449-23cabd00fa24","Unbranded ATX","Austin","TX",5,"I am beyond excited and pleased to have started my tattoo removal journey with Alan.  A few quick texts and I was in his office the next day where he thoroughly explained the entire process, aftercare, and expectations.  Alan genuinely cares about his clients. His excellent bedside manner put me at ease during our entire session.  If you’re looking for an honest, genuine, and informative experience, Alan and Unbranded is the place to go!"
"2263b728-e67d-4d68-afab-36a1a97c7df1","Unbranded ATX","Austin","TX",5,"Alan, the owner is super easy to be around. He’s laid back and listens well. This man must have had the right setting on because he used the laser on several cool/ashy pigmented areas that were deep and had been there for a while. One time may do the trick. It’s necessary to wait a while between sessions, so we’ll see because you’ll still see slight changes as the deep dermal layers are healing. In any case, I was happy I went with Unbranded for a few reasons, as I mentioned above. The pricing is reasonable as well. Thank you, Alan!"
"7d69d92a-fed7-4260-a622-6f909dd2c488","Unbranded ATX","Austin","TX",5,"I had such a great experience at my removal session with Alan today. He talked me through the process way more than my past tech and he made me feel really comfortable. he took more time and precision than i've experienced before. i highly recommend UNBRANDED!!!! Alan really cares about his patients. his office is also super cute and of course clean and professional. he also gave me a quote really quickly after a few texts and I appreciated that"
"efc75dde-122b-4db3-a939-558fe0bf8826","Unbranded ATX","Austin","TX",5,"I can truly see a change! Very clean place and can always adjust appointments if needed! I trust the process here!"
"0d18ccf9-19d6-45b5-9d66-980862faecf9","Unbranded ATX","Austin","TX",5,"I loved my carbon facial performed by Alan! The process was quick and painless.. results are amazing! My pores are smaller and I’ve not felt this confident sans makeup since my 20’s. I will be booking a second session to further minimize my pores but the results from the first session exceeded my expectations!"
"41537972-c276-40e9-b2b4-70c54664af98","Unbranded ATX","Austin","TX",5,"Alan was great at walking me through the process of getting a carbon laser facial and letting me know what to expect. He made sure I was comfortable. It was such an easy process. It was painless and I noticed less pigmentation and glowing skin within the first 24 hours. I’m 2 weeks past treatment and my skin still looks great! I would highly recommend Alan at Unbranded Austin."
"9ad9dc56-8ec3-402a-a02d-3c1beb8d6df5","Unbranded ATX","Austin","TX",5,"⭐⭐⭐⭐⭐  I recently had a Hollywood facial at Unbranded, and I couldn't be happier with the results! My skin is now clear, and it even worked wonders on my dark circles. Alan is incredibly knowledgeable and helpful. I highly recommend Unbranded for their effective treatments and expert staff."
"d69c6908-eeca-4f79-aa04-d7d1a0c1311f","Unbranded ATX","Austin","TX",5,"I had a great experience with Alan at Unbranded. Though he wasn't able to remove the blue inks from my tattoo, he was clear with me from the beginning about expectations and successfully faded the rest of my tattoo. Pricing was fair and he was very professional."
"7e628ca7-3b60-48ac-b319-81602c04b38a","Unbranded ATX","Austin","TX",5,"I have seven face tattoos, and over the span of about half a year, they are almost gone! I’m thankful for finding this business and especially working with Alan . It was way cheaper than the advertised removal companies. Like removery. Can’t wait to get them off!"
"eb4d641c-dfda-4246-b5bb-ac5901ace097","Unbranded ATX","Austin","TX",5,""
"6d2b5f89-3b13-4ced-9019-aee22f89027e","Unbranded ATX","Austin","TX",5,"Great place, very clean and well put together. He does an awesome job."
"9294e9c6-0ab7-4bb2-89d7-fe332c1600d8","Unbranded ATX","Austin","TX",5,"I had previously used a tattoo removal chain that had closed in north Austin and had to find a new location in the area to finish a removal of one of my tattoos.  Unbranded had amazing reviews compared to other locations in the area so I submitted a quote request online. I received a response within minutes and they had same day availability for a consultation/ session. The owner Alan was kind and helpful, he explained the process and with the price given I was ready to start utilizing their services for the continuation of the removal. I also appreciated how he tested the strength of the laser before full on starting just to see how my skin would react and if the pain was tolerable. He provided aftercare treatment as well, and the area days later is healing smoothly. I will definitely keep coming back to finish the process!"
"4e03a397-a23e-4c3c-8cd0-5bcb33ee71dd","Unbranded ATX","Austin","TX",5,"Alan is a so phenomenal! He's a former nurse, so he's able to explain the tattoo removal procedure in a professional yet kind manner that I can understand.  He's very patient and walks me through the whole process! I feel so comfortable in his capable hands. I highly recommend you see Alan for your tattoo removal needs!"
"302dc7a4-f57d-40a1-a6a1-c6175f34c0bf","Unbranded ATX","Austin","TX",5,"I shopped around and every other place wanted me to get a packaged deal. Unbranded is super flexible and professional. I’ve been working on removing two tattoos and I’ve seen progress within 3 sessions. I highly recommend Alan and his services!"
"3ab58668-06a4-4efb-953a-2a55f0eac216","Unbranded ATX","Austin","TX",5,"I'm so happy I chose to get my tattoo removal done by Alan. He is incredibly knowledgeable and completely honest about the process. Definitely recommend his shop."
"5b34168f-2850-44f3-8945-51cc62374cc0","Unbranded ATX","Austin","TX",5,"My experience with Alan has been wonderful so far. I’ve had several sessions and each time it’s like visiting a friend. He has excellent bedside manners, which is comforting considering these sessions aren’t particularly fun. But, that’s on me and my adolescent decision’s fault and nothing to do with Alan. He’s made recommendations to help alleviate  discomfort and they work, and he always goes at my pace. I highly recommend Unbranded if you are considering a tattoo removal!"
"bffe2fff-9b8e-49bb-9096-b90692adda36","EradiTatt","Tampa","FL",5,"Very happy with the removal progress with  Eradittat! Melissa and staff are amazing!"
"85d0fbde-5e83-48d1-9cb3-14e917a0c44e","EradiTatt","Tampa","FL",5,"Eraditatt is very good at what they do and professional. They got me in and out and are very efficient! I’m glad I found them"
"4637cafe-981f-4b59-aef4-cce859a666c0","EradiTatt","Tampa","FL",5,"Wonderful customer service and energy through out my process as a first time customer. My experience went smoothly."
"1d679212-f2a8-497d-adbe-8c1a900598d5","EradiTatt","Tampa","FL",5,""
"51ea9583-c474-4571-92b2-359cc7cb62e7","EradiTatt","Tampa","FL",5,"I had such a great experience here. Melissa and her team were incredibly kind and made me feel comfortable by walking me through everything ahead of time and explaining the aftercare clearly. The sweet goodie bag at the end was such a thoughtful touch!"
"d7f845d1-3d8f-4324-90bd-d327f62b1947","EradiTatt","Tampa","FL",5,"I’m always greeted with such kindness and my questions are always answered if needed. The team does such a great job at making sure I’m comfortable during the process before and after. It’ll be a long journey of tattoo removal for me but I’m excited for the future thanks to EradiTatt!"
"0718f239-e968-428b-9295-8ab05609a1bd","EradiTatt","Tampa","FL",5,"⭐️⭐️⭐️⭐️⭐️ A+ Experience! Highly Recommend! I had such a fantastic experience at EradiTatt for my tattoo removal! From the moment I walked in, I felt totally at ease. The place is immaculate—super clean, modern, and organized. Honestly, it felt like stepping into a high-end dermatologist’s office. The staff is also amazing! They were welcoming, friendly, and genuinely sweet—it really made the whole process feel way less intimidating. The laser technician, Melissa explained everything thoroughly and made sure I was comfortable the entire time. You can tell they care about their clients. If you’re even thinking about tattoo removal, this is the place to go. Professional, welcoming, and top-tier service all around. Highly recommend! 💯"
"13d96ef4-de24-4aa1-869b-d338e6b96e28","EradiTatt","Tampa","FL",5,"Eraditat is very professional and clean. Staff is informative, friendly and the sessions are so quick. When I show up they have everything ready to go, no waiting around for them to set up. Super easy process. I would highly recommend them if you want that tattoo you no longer want removed."
"8d20418a-decd-4297-9a33-67b04e16c7e2","EradiTatt","Tampa","FL",5,"Eso duele"
"6855e2ae-7e4f-40da-9a1b-6ebe6270b32f","EradiTatt","Tampa","FL",5,"EradiTatt is a fantastic business.  The staff are all very friendly, and the progress they've made on my tattoos is great. I'll be sure to add before and after photos once they're completely gone and detail how many session it took.  I assume that some of the negative reviews are from people with unrealistically high expectations for what laser removal could accomplish in a few sessions."
"4ec083b6-96b2-49c0-a8ac-5fe418af684c","EradiTatt","Tampa","FL",5,"Great staff and service. They're always professional, friendly and very helpful."
"b11d52ba-33d0-455d-973f-6a8ebe903727","EradiTatt","Tampa","FL",5,"Great staff and laser works :-)"
"8068437f-d7e0-4318-a028-8e99fb71d2c9","EradiTatt","Tampa","FL",5,"Great team and effective treatment!"
"eed642e3-679d-41b1-89e3-8800447d30a7","EradiTatt","Tampa","FL",5,""
"f542ce37-5975-4373-acc3-5263b18a9984","EradiTatt","Tampa","FL",5,"I hate that I have tattoos that I regret, but I love that EradiTatt exists. I started this process about 5 months ago and have seen so much progress with my tattoos fading away. Faith & Erica have been a fantastic support system as they’ve zapped my tatts away! I will absolutely return to remove a couple more tattoos."
"b8873e73-a081-49c1-b3dd-596f284f317a","EradiTatt","Tampa","FL",5,"Absolutely amazing!"
"edfaac55-694b-4693-8ee2-7f34d893b0c2","EradiTatt","Tampa","FL",5,""
"d0733f10-09d4-4571-852b-9072f1d1d0b7","EradiTatt","Tampa","FL",5,"Great place! Quick and easy! I’ve seen significant differences in my tattoo since I started going there and getting it removed!"
"a465a5c1-421f-4125-8a50-c129ddc28621","EradiTatt","Tampa","FL",5,"I have had a very positive experience w ErradiTatt. I have had several tattoo removal sessions and always have a professional, clean and prompt session. I would highly recommend them for your tattoo removal needs!"
"f8d76cb3-e415-4873-b11c-63a10f2af70e","EradiTatt","Tampa","FL",5,"Have been going here for years and recommend them for anyone wanting to fade or fully remove their body work! Very welcoming and inclusive space, friendly and communicative staff."
"68205cad-b5a7-407a-a0b5-1ef7d81f298b","EradiTatt","Tampa","FL",5,"Great results compared to another place I went to in the area. Always quick & easy with nice staff."
"f21c5798-2984-4811-9cde-3b368765270e","EradiTatt","Tampa","FL",5,""
"47acd5cb-2450-402d-b491-a0ef81c396d8","EradiTatt","Tampa","FL",1,""
"9c43169e-2fa7-48ea-87bb-bd5d8b7140f0","EradiTatt","Tampa","FL",5,"I can’t speak highly enough of my experience at EradiTatt Tampa. The entire team was great, ensuring my appointment went quickly and smoothly. Melissa was amazing and helped me know exactly what to expect- both during and after my treatment. I highly recommend Melissa and the team at this location for any tattoo removal needs!"
"9d73683e-0662-4d15-8a5a-7a35efaf75ec","EradiTatt","Tampa","FL",5,"What a great experience with the staff and process, this place is super clean! I’ll be a repeat client"
"d8c4a992-4caf-4144-b6a5-c9d958518bed","EradiTatt","Tampa","FL",5,"Life changing!!! Great experience!! I’m writing this a few days after and already noticed such a huge difference. Something I struggled with for years is now getting fixed!"
"61397aa1-d8b8-4e25-a340-71c89b58d5f6","EradiTatt","Tampa","FL",5,"Faith Baker is the most amazing technician I’ve ever dealt with and I’ve owned multiple businesses and I’m telling you that she is the person that every business owner would love to have working with them. Because she is so good at what she does she makes the clients feel like they’ve been heard and taken care of in the best way possible I would highly recommend requesting her for all of your tattoo removal needs"
"a9773105-1148-4e66-b206-bce6243ba5e1","EradiTatt","Tampa","FL",5,"Original: Haven't been there yet, but it sounds promising. The booking process went smoothly. I will update this review after the session. The first picture is my tattoo, still untouched (a bit faded because it's old).  Update (1st session): everything went smoothly and it only took 5 minutes from the moment I entered the room to when I left. They told me I'll probably need a second session, but from what I see the tattoo is already gone. We'll see in 4 weeks. No issue whatsoever so far. You can see the result in the second picture, same day as the laser session.  Update (2nd session): again everything went well. The pain was significantly less than the first session. See third picture."
"615391cc-58b1-4956-9b01-00556a1d1cb3","EradiTatt","Tampa","FL",5,"Great price to erase my last mistake"
"58e776df-3d70-4c49-9867-c9fb6f62eaa4","EradiTatt","Tampa","FL",2,"I did three sessions (after one from another company) and the tattoo is still mostly visible. If I had to put a number, I'd say it's about 60% gone. I don't think I'd recommend these guys."
"c13475cc-2aa7-423e-8207-d3abc1a106e6","EradiTatt","Tampa","FL",5,"There are no words to describe how happy I am with my tattoo removal from James and his crew. I made the horrible decision to have “microblading” done by an inexperienced artist. I thought I was just going to have to live with the result. I went to Eraditatt and in one super quick, nearly painless session, I had my natural eyebrows back. I ended up going for a total of 2 treatments, and was over the moon with the results! I cannot recommend them enough!"
"e6c40a31-f7b5-4a87-b169-3a9baed54709","EradiTatt","Tampa","FL",5,""
"91a7503d-cc5b-428e-90f2-b6b2b9744e29","EradiTatt","Tampa","FL",5,"Very friendly, very nice, literally took 10 seconds."
"9e56f886-d8c5-4be0-a5c1-341ab0df86d2","EradiTatt","Tampa","FL",5,"I used their service to remove my permanent eyebrows.  It took no time at all and they are totally gone!!! So happy!!!  Thank you"
"f059720c-21f7-4107-8dd6-5c143add92e7","EradiTatt","Tampa","FL",5,"I can't say enough great things about this business. The people that work there are professional and down to earth. They really care about the customers wants and needs and made me feel very comfortable when I was super nervous on my first appointment.I recommend them to everyone!"
"bf3f5f19-ea2d-4700-a7d8-2466327b5997","EradiTatt","Tampa","FL",5,""
"8bbfaccf-d951-408a-9ea2-40d8005cccd3","EradiTatt","Tampa","FL",2,"Not coming to this place again. All employees were nice and treated me respectful but one. Faith baker. She made my experience coming here miserable, her attitude was super rude, did not try to build any sort of relationship as a client and made me feel not welcome. Their package deal is good but a little confusing. They don’t really tell you a clear picture or timeframe of how long it will take so it feels like I am just wasting my money."
"edbdffec-b3ca-441f-880e-204cba30343b","EradiTatt","Tampa","FL",2,"Tattoo removal seems like more of a fair price up front at $140 per session. However they don’t do “guaranteed removal” so you may be looking at 15+ sessions for $2100 total for a small tattoo removal. I am 9 sessions in and probably not even halfway so I am looking to continue removing my tattoo elsewhere. Included two photos of right after my first and ninth treatment."
"1151b9f3-f521-483d-993f-a24cea1106d6","EradiTatt","Tampa","FL",5,"They're pretty quick on each session. Very friendly."
"c1fba915-0dd5-4947-bfef-4e335d8fa945","EradiTatt","Tampa","FL",5,"Going to eraditatt has been great. the staff are all friendly. Melissa H is my favorite NP. James the owner is very friendly and easy to talk with. I highly recommend eraditatt tattoo removal."
"025f4ace-dbdd-4aa3-99af-5bf74d33704c","EradiTatt","Tampa","FL",5,"Best experience ever if you’re going to get a tattoo removed! These guys they make you feel comfortable, they’re happy, they make you feel welcome and they do a fantastic job! I would recommend my own mommy if she had tattoos lol"
"cec11368-e92c-482e-ab7c-3bd276afb015","EradiTatt","Tampa","FL",5,"Had 2 tattoos removed by them. They provided both military and multiple spots removal discounts. The staff was incredibly friendly, caring, and professional. I’m glad I chose them for this process and would go back in a heartbeat if ever needed. Highly recommended!"
"7d48f65b-73a3-4745-bb72-be90af8dc97f","EradiTatt","Tampa","FL",5,"I do appreciate the fast prompt response from the owner and his care for customer service. Haven't had the chance to actually utilize this facility yet but I'm hoping it turns out good. Will update later after my first visit. Wish me luck.  Update: Today I finally had my first session and it went beautifully. Super fast, easy and seriously I'm very impressed by the decor of this facility. I'd never thought a tattoo removal office would be so well put together. Clean and refreshing. Now I'm not too nervous about my future sessions."
"4c985314-cc5e-4139-9d52-eb9715511aa5","EradiTatt","Tampa","FL",5,"Awesome experience! Highly recommend this place. Professional and great people."
"8e1a0c6d-ce8b-41d0-a8bb-fb26582e50a2","EradiTatt","Tampa","FL",5,"From my first phone call which was returned promptly to my last visit, everyone very nice, professional and super to work with. Everything was explained in detail and my results are awesome!  I would highly recommend them to everyone!!!!"
"2500bc9f-1ebd-478c-b05a-46fb08957d66","EradiTatt","Tampa","FL",5,"The best of the best. They are always very professional and take care of you. They work with your schedule as much as possible and they actually remember who you are. You aren’t just another customer with them. I have gone to other tattoo removal companies and they are far beyond way better than other companies. Would recommend Eraditatt to anyone. 12/10 service"
"5e09493b-e2e2-4da8-a99f-4f0d27789254","EradiTatt","Tampa","FL",5,"They are the best!! Entire staff is awesome. I would highly recommend!👍 Tait K."
"562f0f3c-7998-4ff9-83a2-2fb1cada6e70","EradiTatt","Tampa","FL",5,"James and his staff are very kind, accommodating and professional people. They make the appointment and experience as enjoyable as a laser appointment can be! Highly recommend their tattoo removal services. They have very convenient and beautiful office locations all over South Florida."
"0c23ccbb-a2ad-47e0-912b-acde35caeb7f","EradiTatt","Tampa","FL",5,""
"17a195e0-a26a-4270-8472-f7ef7e1e61a1","EradiTatt","Tampa","FL",5,"Staff was super friendly, and answered all my questions. Procedure was super quick and done in a clean environment. :)"
"60db2c1d-7efb-4b54-955c-e6173809f17e","ReversaTatt","Tampa","FL",5,"I’ve had a great experience with ReversaTatt. Their team does a great job explaining the process and setting clear expectations.  The appointments are quick and easy, the staff is professional, and the progress has been exactly what I expected. I’d definitely recommend."
"7af49822-7fb7-4950-97e2-9966a715d7d2","ReversaTatt","Tampa","FL",5,"Great quality laser, really great at explaining the process and being realistic about how long it could take, easy quick booking. I’ve done a few sessions now and I’m pleased with my results so far. I am getting a few tattoos removed and they seem to be disappearing more and more everyday. Great customer service overall, 10/10 would recommend!!!"
"06c677e5-8195-4e0d-862c-2a0dbb3af099","ReversaTatt","Tampa","FL",5,"Very nice people gave me all the information i needed and it was super quick in and out . I love that they messaged me later as well to check on me after the first session! Hard to find that now of days so i would definitely recommend this place 100%"
"7a3f662a-3f40-4b1e-8f2e-c74a9a0f35e6","ReversaTatt","Tampa","FL",5,"Wes has always been prompt and very honest       what to expect in my results. I would recommend him to anyone looking to have a tattoo removed."
"a78a4abe-3025-4814-8bf7-9127a9377c7c","ReversaTatt","Tampa","FL",5,""
"89e350ef-fbd1-4c61-9a15-1c0d2683418d","ReversaTatt","Tampa","FL",5,"Profecional love the crew. Quick and friendly. Price is fair"
"71a28279-5929-4f04-8e24-d03b5aee4095","ReversaTatt","Tampa","FL",5,""
"6368e940-84ac-4a38-899d-eac05387eb7e","ReversaTatt","Tampa","FL",5,"Excellent service, it's a very nice place"
"5eed487f-92d9-4925-b2c3-5f90e0ea34ad","ReversaTatt","Tampa","FL",5,"Committed to removal and your satisfaction as a consumer. I am completely satisfied with results. Thank you"
"0eca9cb3-5ac9-4616-aa8d-a3c8acf228e4","ReversaTatt","Tampa","FL",5,"Great customer service! I was in and out. They were very thorough, very honest about the expectations. Very professional they told me I would see results in 3 to 4 sessions. I’m already seeing results on the first session."
"26ac00b0-062f-4986-ba11-e2ab18088e60","ReversaTatt","Tampa","FL",5,"After deciding to remove several tattoos on both of my arms and significant tattoo removal research I decided to go with Reversatatt and extremely glad I did. Tattoo removal is a process and they make it as easy and comfortable as possible. I would highly recommend to anyone considering removing their ink from small to large."
"d97dad02-888a-4835-8551-7a2c7451c067","ReversaTatt","Tampa","FL",5,"Best tattoo removal around. Quick, cost efficient, and results"
"b30c30b0-a351-4942-b4fe-147faef07e88","ReversaTatt","Tampa","FL",5,"Always professional and kind. High recommended!"
"5b742101-2139-4acd-ba6b-2f883f8674a2","ReversaTatt","Tampa","FL",5,""
"97a4e432-739f-41fc-b98e-8b1de5d3ecf9","ReversaTatt","Tampa","FL",5,"Great experience...Knowledgeable .. Great results so far... -Robyn Nicole"
"6a4372ac-0375-4bc0-9706-f34c1616f6e1","ReversaTatt","Tampa","FL",5,""
"b962a348-3128-49b5-9d3b-113af9605e39","ReversaTatt","Tampa","FL",5,"Have been going here for alittle over a year but took a break to love to Tampa. I used to see them every couple months in Jacksonville. I have a small tattoo I am getting removed at the moment. Always professional, kind, and fast. Glad I found them. The prices are reasonable and I have zero complaints."
"b2bb21c1-242c-4831-ba2c-db7dedfa8815","ReversaTatt","Tampa","FL",5,"good clean"
"69c57e4f-92e1-4a93-a693-3800f817de83","ReversaTatt","Tampa","FL",5,"Such a great experience starting the laser tattoo removal process. I have been going here for almost a year now and the process has always been great. Super friendly staff and also they get you in and out instead of long wait times. Thank you ReversaTatt!"
"3ea63343-80a6-4937-b1ba-4fde393626ba","ReversaTatt","Tampa","FL",5,"I’ve been doing a XS tattoo removal here and I for sure recommend! Nice staff, clean office and the best prices I could find in my area!"
"691412ae-2864-45e4-a0cd-f698d5886fc6","ReversaTatt","Tampa","FL",5,"Very easy to schedule, and appointments are quick.  My large upper back tattoo is about 60% gone after just four sessions!  A good deal if just want to make your bad tattoo go away 😀"
"b437f58d-9b24-4eac-8425-4630d6a34a5c","ReversaTatt","Tampa","FL",5,"Dave is great! Always pleasant and professional. Very happy with my progress. I’ve referred several people and all have been very happy with their results! Highly recommend Reversatatt!"
"38981d8b-b04a-40da-abdf-b06070fe715e","ReversaTatt","Tampa","FL",5,"Great folks. Removal is a process and certainly not something that happens over night. But team is informative and sets realistic expectations. Appreciate the honesty and dedication to ensure I will be happy at the end."
"8fc23da1-f9a1-4962-b1dc-720d5a20315c","ReversaTatt","Tampa","FL",5,"Have done a great job getting my tattoo to go away, it is almost gone- been through about 20 sessions. Dave is super kind and the whole team makes you feel cared for. Always in and out within 10 minutes."
"b35d0f00-5676-4c49-9272-31a2d492f4bb","ReversaTatt","Tampa","FL",5,"My experience with ReversaTatt has been wonderful.  They understood what I was wanting when it came to removing my tattoo and explained very well the process and length of time it would take for my tattoo to be completely gone.  In addition, their pricing is very reasonable when compared to others.  Each session was quick and efficient; I was in and out of the office in a short amount of time.  Dave is very professional, courteous, knowledgeable, personable and has many years of experience doing tattoo removals, which shows in his work.  I highly recommend going to ReversaTatt if you need any tattoo removed."
"60f566a7-a944-4ba5-8fe5-da39b94eedc6","ReversaTatt","Tampa","FL",5,"Dave is very knowledgeable and very experienced in what he does. I wouldn't go anywhere else!"
"53537071-d0fc-4b7f-abf5-2d323d489613","ReversaTatt","Tampa","FL",5,""
"947e907e-4db3-4136-b8c6-bddb1f8b903c","ReversaTatt","Tampa","FL",5,"I love it even though it hurts"
"5e4c93ac-ec01-4216-a6ef-af1d7758eb5b","ReversaTatt","Tampa","FL",4,"Wonderful place. Best in tampa."
"bdc19fd4-bb42-4f5b-bee7-c20f4c86b527","ReversaTatt","Tampa","FL",5,""
"75b66f6c-49bc-4171-9992-5efe2520d07d","ReversaTatt","Tampa","FL",5,"Dave is awesome! He talks you through the whole process and does an outstanding job of keeping your mind off of the tattoo removal during the process. Recommend him to anyone in need of tattoo removal."
"1bbe6df3-6047-40b0-bfd2-7ad29e184eb6","ReversaTatt","Tampa","FL",5,""
"0059d5d9-5023-46d6-82ce-9b55a138fa4e","ReversaTatt","Tampa","FL",5,"I just started going to Reversatatt to remove a finger tattoo and this place does not disappoint. The staff is nice and friendly, they make you feel comfortable. The laser procedure was fast and not as bad as I thought. The prices are great! I called around and this is the place to go. I can’t wait to continue my treatments. Annette C."
"5270c84b-57f6-42be-a9b9-d001f17107c1","ReversaTatt","Tampa","FL",5,""
"76929836-73de-4012-933f-36049f0b91f1","ReversaTatt","Tampa","FL",5,"Dave Cope is excellent - professional, affable and affordable and is super clear on explaining the process. It is a long-term commitment because of the size of my tattoo but well worth it."
"53b20b5f-b56e-4184-b8f8-a37eb4a3f715","ReversaTatt","Tampa","FL",5,"Been going here for almost 2 years and not disappointed, affordable prices,friendly staff and Dave is great. Would highly recommend reversatatt for anybody interested in removing their tattoo, without breaking the bank. Very professional, friendly, dependable,clean, list goes on, thank you guys for your great service. 👍"
"b5a6c2d0-d21b-4dd7-b0ac-9e46233b644d","ReversaTatt","Tampa","FL",5,"Friendly, knowledgeable staff who explained the laser process, as well as the healing/removal time frame.   The pricing was reasonable as well.  The procedure did sting, but it was over in a flash ⚡️"
"4487996a-c740-4d43-bf1f-04ae311d11ef","ReversaTatt","Tampa","FL",5,"Reversa Tatt is amazing. I’m always early or late and they accommodate. And the removal is thorough and complete. 5 stars"
"a47bb161-f26e-4877-8a3b-43fe36727892","ReversaTatt","Tampa","FL",5,"Great service, staffs are extremely nice and friendly. After each session, we always chat for a few minutes before I leave. Overall, great treatment with great people! Extremely satisfied!"
"f8c40aee-09ac-4d9b-82b9-a090c519bf67","ReversaTatt","Tampa","FL",5,"Great people, super friendly, super fast"
"70e755a8-5cd2-498e-8cca-d6b7a1d95833","ReversaTatt","Tampa","FL",4,""
"616717da-7354-47e2-b342-ece97cd4ab1e","ReversaTatt","Tampa","FL",5,"Very Fast Appointments! already seeing difference after first appointment of tattoo removal."
"a65a17d6-accb-4e5b-a22f-353e4d58079e","ReversaTatt","Tampa","FL",5,"Very easy consultation process. Received a quote after a few text messages, and the price was much cheaper than others I had received. Communication has been great...I had several questions before/after my first session, and I have always received prompt answers. I’ve had 3 sessions so far and am already seeing some results. Looking forward to seeing even more results after future sessions."
"78b1f9f0-be5c-4b4c-9c18-076824791a54","ReversaTatt","Tampa","FL",5,"Very professional clean facility. Tattoo removal has been (mostly) painless (it is a laser after all). Highly recommend."
"4943117d-4a79-4fba-ac32-e128d7f23bd9","ReversaTatt","Tampa","FL",5,"This place is amazing. Dave is nice, knowledgeable, and professional. The place is clean too. They work with your schedule for appointments and are affordable too! Check them out, you won’t be disappointed."
"c50e89c8-5b53-462a-a03c-9d44108d506d","ReversaTatt","Tampa","FL",5,"The staff are extremely thorough. They completely walk you through each step of the process. It’s extremely comforting that you know what to expect going in before any procedure, because unlike other tattoo removal places that expect you to have “done your research” the staff has no problem going over things with you at the time of your appointments and consultation. I highly recommend ReversaTatt to anyone thinking about tattoo removal or fading."
"ca11e429-7a0b-4e44-87a7-caa1a04dd137","ReversaTatt","Tampa","FL",5,"I was looking around to see where I could get a tattoo removed and came across Reversa Tatt. And honestly I’m so glad I did. The whole experience has been great. They have worked with me around my crazy schedule which I am so grateful and the customer service is A++ they are always just a text away. I knew it was going to be pricey so the fact that they had different kinds of payment plans sealed the deal for me. Thank you guys!"
"d3a8a6ff-3cef-4869-b6e6-d8de7d6a0a9c","ReversaTatt","Tampa","FL",5,""
"2f3d8845-5d42-4b39-9199-c06836786524","ReversaTatt","Tampa","FL",5,"This place is very professional and provides a great service. I’m always greeted by a friendly face."
"896a5c51-9ace-4caf-bdeb-9c3323383485","ReversaTatt","Tampa","FL",5,""
"307e222c-b4e3-4ef0-aac1-fb96feaf1b3a","Rethink Laser","Houston","TX",5,"First time removing a tattoo and was very satisfied with how this went with John. Very knowledgeable and made sure everything was understood. Definitely recommended to anyone looking to remove a tattoo!"
"dd9ecffa-40cb-4ed8-8836-5fff0a34c1f3","Rethink Laser","Houston","TX",5,"I had my first treatment with John today and first impression was 10/10! I was honestly pretty nervous going into the appointment due to the pain involved, and being unfamiliar with the business. However, John did a great job of putting my mind at ease. He is incredibly nice, professional, and knowledgeable. I look forward to my next session! Would highly recommend Rethink Laser Tattoo!"
"c0768cfd-fd77-4591-819d-db522a84db3c","Rethink Laser","Houston","TX",5,"My husband wanted to get some tattoos removed out of his face so we looked up some tattoo shops and this one stood out. We gave him a call and he said that he could work with us on the prices and he did. His first session came out better than I expected.I would recommend anyone and everyone to this shop."
"4baa70d0-9d19-425b-b567-9876a496356b","Rethink Laser","Houston","TX",5,"Man I got to admit I was shocked that the hospitality and the work that was like (good) Was like wow I was amazed"
"1eb5dd1d-7319-4627-9f79-3ea8379794bb","Rethink Laser","Houston","TX",5,""
"5b178089-b90a-4de7-9efd-af834e2f93aa","Rethink Laser","Houston","TX",5,"John is pretty amazing, I’ve got a great service for a wonderful price. I’m very glad I came here and I’m very grateful for the professionalism and the extensive experience and knowledge.  Thank you again John and looking forward to seeing you in six weeks."
"0804a60c-dd64-4bdc-9d12-7a8af7cb0636","Rethink Laser","Houston","TX",5,"I recently had my first laser tattoo removal session and it was a great experience. He was extremely patient, knowledgeable, and made sure I understood the entire process before starting. It’s been 4 weeks since my first session and the healing process has been going really well. I’m already seeing progress and I’m looking forward to my next session!"
"50a44bfc-038b-43f1-91d8-afa87fbf257d","Rethink Laser","Houston","TX",5,"My consultation and first appointment for laser tattoo removal went amazingly well. John made me feel comfortable and right at home in his suite and he answered every single question I had regarding the procedure and aftercare. John made last minute accommodations to see me before my scheduled appointment time and was extremely reasonable in ensuring that I was happy with the services and costs. John made me feel great about the next treatments to come and the results to expect from treatment. I can't wait to see the end results."
"32abdf8f-8779-4324-a6ae-1ad62cc1c02a","Rethink Laser","Houston","TX",5,"John was super friendly, helpful, and straightforward. I originally went in for a consult but we were able to start the process today! Super quick and easy as well as flexible."
"c61124aa-283c-4f01-b2fb-b39537b64fac","Rethink Laser","Houston","TX",5,""
"79e9f32d-1d41-4e7b-b691-96fe19a2b13c","Rethink Laser","Houston","TX",5,"I went in for a consultation with John & immediately felt welcomed. Jordan was also sitting in on my appointment & I felt very comfortable with both of them. I am removing 2 small size tattoos. They explained the process to me throughly & we began my first treatment at the same appointment. Pricing was good, would recommend!!"
"8967ed39-2646-48c5-8a81-fd3d077dd57e","Rethink Laser","Houston","TX",5,"John took the time to explain everything, answered all my questions, and made sure I knew what to expect. My first session went very smoothly. He’s very personable, patient, and professional. Highly recommend!"
"a8134e19-ec38-44db-b78f-b86ede9ab794","Rethink Laser","Houston","TX",5,"John was really good and honest when explaining the process of tattoo removal. The procedure was very quick  and fairly painless (in my opinion). I can tell there's care in his work, I'm very excited to continue my tattoo removal process with John at Rethink!"
"973cf68d-46ef-4ab5-8cd0-c5cd927de2ef","Rethink Laser","Houston","TX",5,"John was very easy going and professional at my first visit. Explained thoroughly the entire process, what to expect and after care instructions. He was very good at keeping in touch and communicating. Excited to come back for more sessions!"
"01ff2d97-3184-4721-89b1-bd0177481bed","Rethink Laser","Houston","TX",5,"John was very professional and made the whole process easy and comfortable"
"26fdc7cf-f0dd-403c-9e21-fdcba3151b37","Rethink Laser","Houston","TX",5,"I decided to come here because I was tired of Removery coming at me like car salesmen. I truly had a great experience! He is very kind, does not try to push his packages on you even though I’m likely going to get the package the second time I come. He is honest and realistic when it comes to how many sessions and what can and cannot typically be removed. I am excited to see how this process will go, he is also going to attempt to remove some color which He did tell me was going to be very hard if even possible(Which many other clinics told me the same thing). I have decided to take the chance! If you want to follow my journey it’s on my TikTok @vanillerflavoured"
"c5e80145-2f2f-4691-b779-7a125c3472f8","Rethink Laser","Houston","TX",5,"I had my first session with John and I was very pleased! He is friendly and very personable. John is very thorough with any information needed. He also makes sure that he has answered any and all questions that you may have to make sure you are comfortable and ready for your session.  I felt like he truly cared to make sure I was comfortable and completely sure about moving forward. I’m thankful I found ReThink Houston for my removal journey. I highly recommend them for any tattoo removal needs and I am excited to continue the process."
"e351327e-660c-4564-9004-79a7e4c4e5d6","Rethink Laser","Houston","TX",5,"Great experience. He was kind, communicative, and very attentive. You can tell he genuinely cares about his work and his clients. I felt comfortable throughout and would definitely recommend."
"eaa3dc23-d145-44f0-bd13-bf1608f9bb84","Rethink Laser","Houston","TX",5,"I had my microbladed eyebrows removed with John. He was friendly, reliable and checked in on me in between appointments. He explained what to expect and im back to my natural brow color. He even price matched and beat local competitors! Small businesses rock!!!!"
"043a18d9-26ab-4e99-adaa-049ff239da13","Rethink Laser","Houston","TX",5,"Very responsive. Good pricing and very quick. Highly recommend if you looking to get a tattoo removed"
"af973ddf-d870-411b-b764-e79b81a4b5d3","Rethink Laser","Houston","TX",5,"I went to Rethink for a consultation for eyebrow laser hair removal, and the staff was professional, friendly, and very informative. John made me feel confident enough to start my first treatment the same day. Clean space and great experience."
"3a468c7d-ce20-4315-9e62-21b895ffbeda","Rethink Laser","Houston","TX",5,"This was my first time come your office for my tattoos removed John very friendly and The prices were quite reasonable, the service was excellent, and I didn't feel any pain at all. I'm very grateful and will see you again next time and thank you so much John ."
"6f7e8292-25f1-4158-ab0f-de4c1cfdd2fd","Rethink Laser","Houston","TX",5,"Very kind and attentive if you plan to erase a tattoo he is your best option, very attentive and explains everything to you"
"118fc508-85dc-42e3-b892-2c8f8924f3c2","Rethink Laser","Houston","TX",5,"John was extremely patient, friendly, and thorough in answering every question I had. The removal itself only took a few seconds, and the process was quick and straightforward. I felt well informed and comfortable the entire time. Highly recommend!!"
"537ebd7c-b1aa-491e-8827-62d02ec9158c","Rethink Laser","Houston","TX",4,""
"868b9ef1-7a83-433e-b7cb-702500ed9a28","Rethink Laser","Houston","TX",4,""
"e64e2ee4-1e41-4786-8430-3617dcf47102","Rethink Laser","Houston","TX",5,"John was extremely knowledgeable and professional about the process and details of tattoo removal. I came in and explained my situation and he provided an honest game plan for what to look forward to with the removal of my tattoo. I immediately felt I could trust him and within 30 minutes I was on my way home after having my first treatment."
"20d5452b-4681-42e2-9570-163ae42cb09d","Rethink Laser","Houston","TX",5,"Went in to get previous microblading removed with John today and had such an amazing experience."
"f8dca471-0a5a-410c-895b-ec95aa3a4dfe","Rethink Laser","Houston","TX",5,"Great experience, his suite is so cute and clean! Very kind and informative, would definitely recommend"
"53c54c57-bd27-4140-95b4-343b7f1f1034","Rethink Laser","Houston","TX",5,"John was extremely friendly and explained the entire tattoo removal process clearly, which really helped calm my nerves as it was my first time. The session was very fast, and the level of professionalism and customer care was excellent. I highly recommend this place."
"f6bbd3b9-0850-40d7-ac19-f37bd5feeac5","Rethink Laser","Houston","TX",5,"It was an amazing experience and I felt like my needs were met. I'm definitely going back and recommend this spot for your laser needs to any Houston natives looking for some work to be done."
"c4f649d5-0ee9-4d5a-95c7-69cfbf369740","Rethink Laser","Houston","TX",5,"Book an appointment and you’ll understand why Rethink Laser — John — is rated five stars! You’ll even wish Google had a 5+ option!! He’s professional, attentive, and genuinely kind. I thought people like this didn’t exist anymore but he proves they still do. Highly recommended!"
"4db02d86-ea5b-4382-ab95-64afcfe59253","Rethink Laser","Houston","TX",5,"Very nice and welcoming. Clean studio. Very careful and professional and good customer services"
"d9635cea-1f69-43a0-a616-3816884ac4c8","Rethink Laser","Houston","TX",5,"John is very professional, kind and compassionate. I would not hesitate to use his services again."
"99eb7aa1-ebbb-4277-a2b7-738d1f3f3398","Rethink Laser","Houston","TX",5,"John is awesome! Super friendly, professional, and really knows his stuff. I went in a bit nervous, but he explained everything and made me feel totally comfortable. The place is super clean and the results have been amazing. My old tattoo is already fading way faster than I expected. If you’re thinking about getting a tattoo removed, John is the guy to go to!"
"703dba6b-fdda-4f83-851f-c5801a5f7c55","Rethink Laser","Houston","TX",5,""
"98fb31c8-8406-4161-809e-eae4d0bbed87","Rethink Laser","Houston","TX",5,"John is a super kind person. He explained every detail of the process and how many sessions I would need. I am very happy with the process and the result."
"c5cc32a5-6372-48cb-80fd-3f1187dd6a72","Rethink Laser","Houston","TX",5,"Rethink is located in the Montrose area of Houston with good parking availability. The suite is very clean and inviting and also instagram worthy. John is personable and patient. He thoroughly explained the tattoo removal process and answered all my questions to help me prepare. When we were done with the consultation he helped ease my fear to get it done. I highly recommend his services."
"d25e38dd-a29f-406e-9379-e02182e36446","Rethink Laser","Houston","TX",5,"I was super nervous about the whole thing, but it wasn’t as bad as I thought it was gonna be. The procedure was quick and easy, it’s also affordable."
"2c1f54c7-51ce-44e9-add7-3ce260468872","Rethink Laser","Houston","TX",5,"I’ve been wanting to get my 12-year-old tattoo removed for pretty much as long as I’ve had it. I talked to a few of the bigger laser places recently, but all I got were pushy salespeople, vague pricing, and no clear plan.  I ended up checking out this small studio in Montrose, and I’m really glad I did. The free consultation was super informative. John walked me through the tech, the process, what to expect after each session, and gave me a clear timeline for results.  I just had my first treatment and feel great about the decision. Excited to see how it all progresses over the next few months!"
"6eec8045-9c1a-464e-b26e-d420da2c7880","Rethink Laser","Houston","TX",5,"Five stars for my first tattoo removal session! Easy booking, zero wait time. John made the process stress-free, answering all my questions. I felt comfortable and informed. Highly recommend them for anyone starting their removal journey! Couldn't have asked for a better experience.  Thanks again.  Can't wait for next appointment."
"2dd473a9-44d2-4168-8c87-c4ceb61ccb75","Rethink Laser","Houston","TX",5,"I just moved from CO where I previously started my tattoo removal and was 3 sessions in. I was shopping around to get estimates from all other removal shops in Texas and reached out to Jason. I decided to go with my gut and was seen by Jason! This shop had the best prices, reasonable, and very thorough. Amazing customer service, I was communicated about the after care, estimate and the type of laser we were using immediately. Jasons transparency was the reason I trust this shop, he was honest and genuine and didn’t talk to me like a sales person did at other shops. He spoke to me human to human about the costs and genuinely cared about my treatment and care of tattoo removal process. Highly recommend, I will continue going here until my sessions are done!"
"2197b8d9-689f-429d-baaf-084766b966b7","Rethink Laser","Houston","TX",5,"I had my very first session with John at Rethink Tattoo Removal to start removing a 30-year-old tattoo that I’ve absolutely hated for decades. From the beginning, John was amazing. Even though I told him I had already done some research, he still took the time to walk me through the process, assess my tattoo, and clearly explain what to expect.  John is professional, knowledgeable, and extremely pleasant. I was told that I’d likely start to see results after a few sessions, but honestly, I could already see a noticeable difference after just one treatment!  I left feeling confident, comfortable, and excited to continue the process. If you are considering getting a tattoo removed, look no further. John is the person you want to see. 10/10- Highly Recommend."
"126c1b12-7867-4d0d-89a5-453c4df1690f","Rethink Laser","Houston","TX",5,""
"52c33058-8e06-4130-abf4-959b15c8843c","Rethink Laser","Houston","TX",5,"John was Soo patient and addressed all my concerns throughly!"
"8f7f9ef7-4494-482d-af66-f7d578c39d2f","Rethink Laser","Houston","TX",5,"John at Rethink is beyond amazing,caring,understanding,and very professional. He made me very comfortable and made sure I was well educated about the whole procedure beginning to end, and after care. Extremely grateful and can’t wait till my next session 💛 THANK YOU AGAIN 💛"
"d1876b03-246d-401b-981c-e34375c5c39f","Rethink Laser","Houston","TX",5,"Great first session! Looking forward to removing 3 tattoos! John was very knowledgeable."
"51492aef-e628-47df-84f5-877e2a1c552d","Rethink Laser","Houston","TX",5,"John is very warm and kind. It was wonderful to work with him!"
"556d02e6-ed5e-4ade-8216-fb4c6bcb1988","Rethink Laser","Houston","TX",5,"Rethink is a great place to go for any tattoo removal or fading needs. They support you during the process and John is great to work with."
"b80501ea-54ec-4ef9-bdd5-6ee995a9ff97","Rethink Laser","Houston","TX",5,"Excellent experience! Super patient and paused every time I needed a break. I went to rethink after having a few treatments at a different place and wasn’t satisfied. I already notice a huge difference one day after my treatment and I’m excited to go back in a couple months for my next treatment. Very professional. Very kind. Would highly recommend."
"ca163f44-360d-43fc-88b5-c6c47fce37a2","Houston Tattoo Removal Clinic","Houston","TX",5,"I have been going to her for the past four maybe five years she has been absolutely amazing! I’m so happy with my results. It’s super important to have someone who has been in the game for many years and not only checks on you multiple times during your session BUT talks to you so you are BREATHING, because you can pass out. But someone who is very lively and friendly. Definitely recommend her! Great prices and great personality."
"1ed7f139-af34-48e1-bd61-7cccd7a75c4d","Houston Tattoo Removal Clinic","Houston","TX",5,"I had a tattoo removed here. The staff is professional and kind. The price was the most reasonable I found, and the quality of the service was top notch. I highly recommend to everyone!"
"1f5e5195-2771-49f4-a19d-e7d3439b2f69","Houston Tattoo Removal Clinic","Houston","TX",5,"Very good and convenient very good staff great work"
"fa2eff84-f756-450f-8e8d-3e7e16df4617","Houston Tattoo Removal Clinic","Houston","TX",5,"Celia and her team are fantastic. I did extensive research and even had one session with another tattoo removal guy (NOT a good experience). Prices are very competitive and she's a delight to chat with. She's completely removed two of my tattoos (one black and the other highly colored) and I'm currently working on a couple other ones. Can't recommend her enough. Professional, compassionate and reasonably priced. They also give back extensively to the community."
"78559de0-deed-4363-ad66-f7aea473824b","Houston Tattoo Removal Clinic","Houston","TX",5,"This place is awesome! The front desk employee is very nice. Celia is very professional and goes above and beyond to make sure you’re comfortable and leave happy. I’ve been going to see her for tattoo removal off and on for 13 years. She does an absolute great job and makes me feel at ease by talking to me to distract me from the pain of the process. 10/10 recommend!"
"322364c6-8818-48c9-965a-0596a9d7aee8","Houston Tattoo Removal Clinic","Houston","TX",4,"The best compliment I have to give about Celia is her price - $125 for a 10 square inch tattoo removal session, which is the least amount of money I've been charged so far in my journey of tattoo removal.  She's professional with taking photographs, keeping records etc however, the only complaint I'd give is that her questions can be a little intrusive, and the experience is a little like she's picking your brain trying to get in your head.  I guess some people don't mind that but some people would rather just stick to business and get their tattoo removed, minus the intrusive, personal questions."
"c7a5623f-ec7b-4e28-ba79-6b82e780efa8","Houston Tattoo Removal Clinic","Houston","TX",4,"Great service fair orices"
"f6f1fefa-8266-409d-b23d-e9294d15506e","Houston Tattoo Removal Clinic","Houston","TX",5,"Hi what’s the hours?"
"a670c7dd-ad5b-4b77-8cf5-78434ec8cee2","Houston Tattoo Removal Clinic","Houston","TX",5,""
"7e6350ed-962c-4d57-83de-51f1854fd322","Houston Tattoo Removal Clinic","Houston","TX",5,"I have been wanting to get my microblading removed for a while, and after much research, decided to schedule a consult here. The receptionist and technician made me feel so welcome and at home here. The technician was very kind and gentle, explaining every step of the process. I was fortunate to have only needed 1 session and a touch up later on. I couldn’t believe how much of the ink was visibly gone just after the first session!! The only regret I have is that I wish I had come here much sooner! I had a follow up appointment about 2 months later, and she touched up a few shadowy spots, complimentary. I am so grateful for my treatment here! Don’t hesitate to contact them, especially if you are living with embarrassing eyebrows like I was!! Thank you! 🫶❤️"
"a5d9d32e-ba7e-48e7-9e51-eb054c78afd6","Houston Tattoo Removal Clinic","Houston","TX",5,"Just had my microblading removed here and I’m so impressed! 💖 They knew exactly what they were doing, explained everything so well, and made me feel completely at ease. The process was quick, the results are amazing, and the prices were super reasonable. Highly recommend them if you’re thinking about tattoo or microblading removal! 🙌✨"
"fa7e5dbc-97b1-413a-8791-03329ce1e6bc","Houston Tattoo Removal Clinic","Houston","TX",5,"I highly recommend this place! She walked me through the entire process and explained everything in detail about the tattoo removal. She also offered a college discount."
"c227e946-4f08-4f55-ab00-f8a32551d551","Houston Tattoo Removal Clinic","Houston","TX",5,""
"fc937f3b-79bd-4aca-a7ab-d42e94e2cc09","Houston Tattoo Removal Clinic","Houston","TX",5,"This woman is literally the best. Years ago I got a tattoo removed and she did an amazing job as well as talked me through the process. She also removed a small star behind my ear for free! Fast forward to YEARS later. I text to get my never scheduled and she still had my number saved and asked about how my tattoo was doing, as well as giving my neice a referral discount !!! I highly recommend!!!"
"21a3e663-e6d9-43a6-8133-b32600cd5cd0","Houston Tattoo Removal Clinic","Houston","TX",5,"The girls who work here are very professional and super friendly! God bless there souls, my appointment was fast and great service. Great place hands down. No scabbing or nothing with my tattoo removal, highly recommend!"
"603e4124-d60f-4f3b-9540-7bbf0028ea45","Houston Tattoo Removal Clinic","Houston","TX",5,""
"8ca16927-51d7-4a42-b263-b88c2114af5a","Houston Tattoo Removal Clinic","Houston","TX",5,"I couldn't be happier with my tattoo removal experience (as silly as that sounds)! Celia was so kind, knowledgeable, and professional. Tattoo removal is very painful for me, but she really took the time to ensure I was ready and as comfortable as possible to power through. I've been to a few other tattoo removal places, and I am standing on business with Houston Tattoo Removal Clinic. 10/10 would get a bad tattoo just to come back and get it removed by Houston Tattoo Removal Clinic! 😂"
"5a189783-fab6-49e5-bb4e-5bbd4676a932","Houston Tattoo Removal Clinic","Houston","TX",5,"Very caring very professional my appt goes so quickly. I’ve been about four or five times and my tattoo is almost gone. No blisters no scabs just fading tattoo ink. I’m always so impressed on how quick it is and how they keep me updated. They text bk so fast they’re the best!!! Oh and they have snacks!"
"4fe06b82-85bb-4e06-b7fc-d823ff51aeeb","Houston Tattoo Removal Clinic","Houston","TX",5,"Very nice people good work"
"e8429205-b711-4182-997d-902998f53fd6","Houston Tattoo Removal Clinic","Houston","TX",5,"Celia and team are nothing short of amazing. Everyone is so warm and kind, I’m happy to get rid of this tattoo but I will be extremely sad to not see them every couple of months anymore. Prices are super reasonable and I couldn’t have picked a better place for my first tattoo removal experience. Hopefully I won’t have to remove any other tattoos but I would choose them again and again!"
"c6c023aa-8991-4c75-bc61-8eede6c1b7ca","Houston Tattoo Removal Clinic","Houston","TX",5,"Celia - director, Amanda - technician, Aimee - receptionist  gave me the best service in  Houston , my tattoos are gone in 2 sessons."
"49ef6d2b-4350-4ef2-ae72-4b7688434cef","Houston Tattoo Removal Clinic","Houston","TX",1,"The tested zap was great, first session they put on lowest setting. Didn't affect tattoo at all, not even faded. Didn't peel or do anything! Go to removery this place is a scam"
"7d2e7806-ab65-491a-be5f-ee077076808f","Houston Tattoo Removal Clinic","Houston","TX",5,"They have the best lasers for every color, very knowledgable, fair priced, and great customer service."
"adb1f1e4-8fac-4b49-a6d0-308940c8f9de","Houston Tattoo Removal Clinic","Houston","TX",5,"Realmente este ha sido de los mejores servicios que he recibido en mi vida. La doctora went far and beyond con nosotros. Espectaculares, super profesionales, amables. Super recomendado sin duda alguna."
"0f5b4f61-679f-4de8-b73c-2429e68bd01a","Houston Tattoo Removal Clinic","Houston","TX",5,"Thank you so much for your Kindness and the great service your Team is doing for ex-gang members. Keep up the great work!!"
"d449fbc5-7f0b-4d21-93be-af1ef2a4add5","Houston Tattoo Removal Clinic","Houston","TX",5,"The girls who work here are angels and the business is truly set up to help people. Pricing is very fair, they aren’t trying to get as much money out of you as they can, and they are professional, informative, and available by text for any questions or concerns during healing. They even gave me my second session free after it didn’t fade as much as we expected. Highly recommend this place over any other clinic!"
"4650d961-6b51-46b8-af46-780c2fc1c90f","Houston Tattoo Removal Clinic","Houston","TX",5,"So sweet fast and very professional"
"7170ed38-b1d6-40d7-89a7-96eee8b199c5","Houston Tattoo Removal Clinic","Houston","TX",5,"I love the customers service here and the lady that does the tattoo removal omggggg she amazing explains exactly what she gonna do to you and how the process is gonna be n how is gonna heal how is gonna look like n what not .. the replying to the questions is fast. Im going for my second treatment and if i gotta keep going to get tattoo removal ill completely be coming back here for sure the prices are pretty good to me depending what u removing other then that LOVE YOU GUYS♥️🩵"
"5e445efb-3304-4d3c-85dd-03d8284afc1c","Houston Tattoo Removal Clinic","Houston","TX",5,"Courteous and knowledgeable. Pam made me feel comfortable and welcomed."
"6a502346-cb2f-4dc9-8537-a5106f1b7bf9","Houston Tattoo Removal Clinic","Houston","TX",5,"I’ve visited 2 tattoo removal places prior to this one and I can assure this is one of the best places. I’ve been going here for a year now 4 sessions and my tattoo is nearly gone. The staff is friendly and most of all Celia is just the best of the best. She pays attention to detail when treating your skin, gives all the advice and information you need or you might be concerned about and on top of that she has an amazing personality and speaks 100miles/hour lol. My husband and I highly recommend this place. And a big plus plus reasonable pricing!!"
"3ab9bf86-4b86-4e95-b37b-72eeefb856be","Houston Tattoo Removal Clinic","Houston","TX",5,"A very positive experience! I was throughly interacted with and educated from the moment I called. Fantastic service and top notch work. Looking forward to my next session 😊🙏🏼"
"60fa0a7d-c0c0-4972-8af4-d79bdbbd6a91","Houston Tattoo Removal Clinic","Houston","TX",5,""
"6976a456-fa9d-437e-97f2-2ef354bc176c","Houston Tattoo Removal Clinic","Houston","TX",5,""
"d4e4aaeb-4563-4713-8f99-b52d7f3cfcb2","Houston Tattoo Removal Clinic","Houston","TX",5,""
"bc542b15-237b-4b73-ab83-8e8fe9c4185a","Houston Tattoo Removal Clinic","Houston","TX",5,"Great job on removing an unwanted tattoo,  very nice and friendly staff"
"dd3a2a60-2d72-48ae-80c0-053f17f0a018","Houston Tattoo Removal Clinic","Houston","TX",5,"I was really nervous about using anyone for this process. I didn't know if it would ever be in my budget at all. However, these guys made getting my tattoos removed possible. Celia is awesome, and she really cares about you as a person/client and will make you feel extremely comfortable with the process. I am more than half way done with some of my removals and started a few others not to long ago, and I have one more large one to get to after thoughs. They've made the whole process very easy and affordable. They stay in contact after-hours and are available by text. 10/10 recommend this place to get your no longer loved marks removed! Ask for Celia!"
"2ed36165-8748-4731-b449-32dd50cc5dd4","Houston Tattoo Removal Clinic","Houston","TX",5,""
"df273ba2-285f-487f-bcf3-42230b9cb95d","Houston Tattoo Removal Clinic","Houston","TX",5,"Looking forward to my appointment this Saturday for hopefully my last session on my cheek"
"f563f5c6-f3d1-48dd-aee6-f924941b096d","Houston Tattoo Removal Clinic","Houston","TX",5,"I cant say enough good things about this place. Extremely patient, customer oriented, priced reasonably and just truly amazing human beings that work here. They treat you like you are a human not just another number here. I would highly recommend everyone to come visit here. Even if you live on the other side of town. Trust me there is no place like Houston Tattoo removal."
"da7ed142-2aa1-4b59-ae0f-61bea73eee3f","Houston Tattoo Removal Clinic","Houston","TX",5,"Omg!! The experience was so great Celia made me feel right at home!! She gave me great aftercare instructions as well.The front desk was very welcoming as well!!."
"d8826ca3-d359-4d3e-b5e9-1f3fed5177f6","Houston Tattoo Removal Clinic","Houston","TX",5,"I went here today to get a tattoo removed.  Everything about the visit before and durring when perfect.  Nice and knowlegeable people and a great price.   I went to removal first and this place is going to be around half the price with better service.    And they are open Mondays which helps me.  I showed up early and they were able to take me right away.  I was in and out in 15 mins or so.   If you are looking around give them a shot."
"811f150d-dd28-4c30-b31d-a2753ad3c3b1","Houston Tattoo Removal Clinic","Houston","TX",5,"I went in for my first session and I was scared as hell! I was quickly put to ease by the cleanliness and amazing staff! My technician didn’t sugar coat anything but was honest and told me EXACTLY what I was going to feel. I loved that no matter how many times I asked her to stop (3times) she did and no matter how many f bombs I dropped she still asked if I was okay! I highly recommend Houston Tattoo Removal Clinic if you need a tattoo removal!"
"da4601e7-c541-4125-917a-0ca39c23d0e8","Houston Tattoo Removal Clinic","Houston","TX",5,"Wonderful service, friendly and great tattoo removal work."
"d730f33f-3972-423d-8c5e-41cc494338f2","Houston Tattoo Removal Clinic","Houston","TX",5,"Tattoo removal is not a fast or painless process but these woman make it better. They are upfront and honest with how it will go down."
"cffe49a1-6630-4c0c-b070-d28d2366debd","Houston Tattoo Removal Clinic","Houston","TX",5,"These people are awesome! They greet you as soon as you walk in. They’re very professional and amazing. The work is very meticulous. If they’re closed they are still attentive to your questions and concerns. I recommend people to come here and get your laser removal done comfortably and in a friendly environment! You two are GREAT!"
"31bd6ff2-d075-4ec0-8435-fbd7231115ed","Houston Tattoo Removal Clinic","Houston","TX",5,"I recently went for my 2nd session, and I’m pleased to say that this tattoo removal clinic is the best of the best, staff is great, clinic is clean, very informative, and they will treat you amazing through the entire process, thus far I’m seeing amazing results."
"56d91954-2205-40d8-9d49-d04faf26faa7","Houston Tattoo Removal Clinic","Houston","TX",5,"Great place to erase the mistakes made in life. Very cozy. The staff are wonderful. Very well priced. I have looked all over Houston and this is the best. They work with you. 501 c friendly also. Ask your church to help."
"2c04ac01-fbb3-4f29-ad1b-cc586871069f","Houston Tattoo Removal Clinic","Houston","TX",5,"Very polite and still going to them"
"83d9e18c-2b6e-43c3-912d-9e12f2a77864","Houston Tattoo Removal Clinic","Houston","TX",5,"Nice people and clean clinic,  fast and friendly"
"e05d10fc-f240-4d1b-94bc-e60c5a0c1d26","Houston Tattoo Removal Clinic","Houston","TX",5,""